artist_id,artist_name,album_id,album_name,release_date,track_id,track_name,isrc,prefix,company_name
4Wx3ZL6d6p1gVMtwQ2YWsz,Calmo,69Eu3Q7AJHmee75X4sEKsS,Resto a galla,2020-07-17,0P12OoImjHRfC1rhyagBia,Resto a galla,CH6542083853,CH654,Unknown (CH654)
4Wx3ZL6d6p1gVMtwQ2YWsz,Calmo,2cTDarx4NmcPLqk1oS5Ixo,Non ho voglia,2020-09-25,4M1CSrtrw6U6S22wUxzRsf,Non ho voglia,CH6542097087,CH654,Unknown (CH654)
4Wx3ZL6d6p1gVMtwQ2YWsz,Calmo,5vqKHZEHpamUESRsWYaoc8,Pistacchio,2021-02-05,0Dfs1ju8Wnyh3au9cTH8im,Pistacchio,ITIWE2100105,ITIWE,Unknown (ITIWE)
4Wx3ZL6d6p1gVMtwQ2YWsz,Calmo,0hJDLRsXwwjwIzMAFLsoTg,Sotto sequestro,2021-04-02,3SDXRrAH814HSIL2vaaBC3,Sotto sequestro,ITIWE2100302,ITIWE,Unknown (ITIWE)
4Wx3ZL6d6p1gVMtwQ2YWsz,Calmo,1b9AxHMdQdtVCeTz5n4u0t,La polvere,2021-06-18,0QPtznOABFsUiVqqJ5a3CI,La polvere,ITI5B2100015,ITI5B,Unknown (ITI5B)
4Wx3ZL6d6p1gVMtwQ2YWsz,Calmo,5saXESTknK4xKqFb6z6fGJ,California-Napoli,2021-08-04,4J8J4g1cu2KpojnImLGpdc,California-Napoli,ITIWE2100923,ITIWE,Unknown (ITIWE)
4Wx3ZL6d6p1gVMtwQ2YWsz,Calmo,5ztSZfJX8sXzenfOR1JE9d,sincera // un colpo in più,2021-10-27,27xuQLqaqCXCFyjxKlRpCN,sincera // un colpo in più,ITIWE2101196,ITIWE,Unknown (ITIWE)
4Wx3ZL6d6p1gVMtwQ2YWsz,Calmo,4rxVqBjRRMB1LmXoJWEegq,"sospeso, confuso, rinato",2021-11-18,19BFfPIcmWPqxmgJljlsd1,"sospeso, confuso, rinato",ITIWE2101293,ITIWE,Unknown (ITIWE)
4Wx3ZL6d6p1gVMtwQ2YWsz,Calmo,46OGYqpfPsYo97JIqjpZxZ,ORA CHE,2022-08-05,2vFQDdkbQj3OS9EWJi0mQm,ORA CHE,ITIWE2200814,ITIWE,Unknown (ITIWE)
4Wx3ZL6d6p1gVMtwQ2YWsz,Calmo,5bzyzeErrOMCvkQGdTHwS5,SUDORE,2022-11-25,0LqElTn0ECE12vNOhtG7Nr,SUDORE,ITIWE2201190,ITIWE,Unknown (ITIWE)
4Wx3ZL6d6p1gVMtwQ2YWsz,Calmo,1k5K0VAoM40q9tSI1uCGNW,Lara Croft,2023-01-13,5fZUyNEtf6mOlJlpdBAAiB,Lara Croft,ITQV22200125,ITQV2,Unknown (ITQV2)
4Wx3ZL6d6p1gVMtwQ2YWsz,Calmo,0qytUrAwDte1WGA1v34hOA,TUTTO SUO,2023-07-07,1S2UFxGA7jdRuae9MMmBQV,TUTTO SUO,ITIWE2300753,ITIWE,Unknown (ITIWE)
4Wx3ZL6d6p1gVMtwQ2YWsz,Calmo,3YPQq2ZZUeRCNe3eAEFTs9,Come ti pare.,2023-08-04,7HlvkrEXcdxEvnrqxPfYak,Come ti pare.,CH6542352593,CH654,Unknown (CH654)
4Wx3ZL6d6p1gVMtwQ2YWsz,Calmo,3H2F2iAAVlRc8KXoNJIQSA,Ti aspetto giù,2023-09-29,4hPiTMPZR6dZo9SVJdCL5M,Ti aspetto giù,CH6542363297,CH654,Unknown (CH654)
4Wx3ZL6d6p1gVMtwQ2YWsz,Calmo,1lCLtg7sx2uGudBKIOXR3k,Mostro,2023-11-03,7iR0VBMG8q5yQBAKyrHxzI,Mostro,CH6542372261,CH654,Unknown (CH654)
4Wx3ZL6d6p1gVMtwQ2YWsz,Calmo,6u6xvGtZQ75W8AVOUXexNg,Tuorli,2023-11-28,1pzKtaD4Wdgen3wD6aCiFg,Tuorli,CH6542379161,CH654,Unknown (CH654)
4Wx3ZL6d6p1gVMtwQ2YWsz,Calmo,5WiglKIENErnCZjqsdMkL6,Pezze di me,2023-12-07,7svrl7Qe5PCtlfDRPlE8ft,Come ti pare,CH6542352593,CH654,Unknown (CH654)
4Wx3ZL6d6p1gVMtwQ2YWsz,Calmo,5WiglKIENErnCZjqsdMkL6,Pezze di me,2023-12-07,0iSA1ryJgCjE1ro6Egu8Te,Tuorli,CH6542379161,CH654,Unknown (CH654)
4Wx3ZL6d6p1gVMtwQ2YWsz,Calmo,5WiglKIENErnCZjqsdMkL6,Pezze di me,2023-12-07,0c83umQNpTSORXy0o8jtYF,Ciclo :(,CH6542381342,CH654,Unknown (CH654)
4Wx3ZL6d6p1gVMtwQ2YWsz,Calmo,5WiglKIENErnCZjqsdMkL6,Pezze di me,2023-12-07,1losLbAXlrxXbkwjEr0jRi,Giuralo,CH6542381343,CH654,Unknown (CH654)
4Wx3ZL6d6p1gVMtwQ2YWsz,Calmo,5WiglKIENErnCZjqsdMkL6,Pezze di me,2023-12-07,5HjFfSVlnZ8Usb3VHz3fTo,Ti aspetto giù,CH6542363297,CH654,Unknown (CH654)
4Wx3ZL6d6p1gVMtwQ2YWsz,Calmo,5WiglKIENErnCZjqsdMkL6,Pezze di me,2023-12-07,7sqnoir5Kqt5qcNaleVurK,Mostro,CH6542372261,CH654,Unknown (CH654)
4Wx3ZL6d6p1gVMtwQ2YWsz,Calmo,3QpTSXImkDZjX2jDUCFFgS,Snorkelin',2024-08-02,05FGg4ozVS11avN5gzvkWf,Snorkelin',CH6542438295,CH654,Unknown (CH654)
4Wx3ZL6d6p1gVMtwQ2YWsz,Calmo,2Fe44s0oObYm59UBaemH88,Ti ricordi?,2025-04-30,3nwIpMchQULBlAQVnMeht7,Ti ricordi?,CH6542520471,CH654,Unknown (CH654)
4Wx3ZL6d6p1gVMtwQ2YWsz,Calmo,5ssDSIARrHdUASQQFGKHPI,The Hell,2025-05-29,4CUJtQeO8sQteNCUrDOm9d,The Hell,CH6542530298,CH654,Unknown (CH654)
4Wx3ZL6d6p1gVMtwQ2YWsz,Calmo,7JzCPy4rxJr6afKuHOSYTL,Fai piano,2025-07-22,1WayRFZCsTTyC5YygJhUTZ,Fai piano,ITIWE2500192,ITIWE,Unknown (ITIWE)
4Wx3ZL6d6p1gVMtwQ2YWsz,Calmo,7lkG4ZZjWwVpy0qsBNoBdW,Small Talks,2025-08-27,3sSUJFQXroZbYKCcT4FYKZ,Small Talks,ITIWE2500214,ITIWE,Unknown (ITIWE)
4Wx3ZL6d6p1gVMtwQ2YWsz,Calmo,1uUpV5MKJWldb4HTp3XQ11,Non siamo i Queen,2025-09-24,4Isi2FAZiHbJq3PJG2Hofg,Non siamo i Queen,ITIWE2500231,ITIWE,Unknown (ITIWE)
4Wx3ZL6d6p1gVMtwQ2YWsz,Calmo,0GCHZUO8pCk0SJFrFSzG2d,Ce stevo penzanno,2025-11-19,0YflJvHgNKVnWb24ffiW3Q,Ce stevo penzanno,ITIWE2500292,ITIWE,Unknown (ITIWE)
4Wx3ZL6d6p1gVMtwQ2YWsz,Calmo,52RLvEOCJJ9UKDLPoi0Bi9,Briciole gourmet,2026-01-14,5Tg7VWkaMjUAtqxSvjn4Jq,Briciole gourmet,ITIWE2500365,ITIWE,Unknown (ITIWE)
4Wx3ZL6d6p1gVMtwQ2YWsz,Calmo,3UDxVrPokzUcfE33kC0MZY,Lasciatemi Cucinare,2026-02-06,7huznDVgHNlV2OSkwDK51S,Lasciatemi Cucinare,ITIWE2600026,ITIWE,Unknown (ITIWE)
4Wx3ZL6d6p1gVMtwQ2YWsz,Calmo,3UDxVrPokzUcfE33kC0MZY,Lasciatemi Cucinare,2026-02-06,6tD737xA9YjdlsYuR5ocP6,Briciole gourmet,ITIWE2500365,ITIWE,Unknown (ITIWE)
4Wx3ZL6d6p1gVMtwQ2YWsz,Calmo,3UDxVrPokzUcfE33kC0MZY,Lasciatemi Cucinare,2026-02-06,0KgnB91Wta1oxsimwHQzMj,Ti ricordi?,CH6542520471,CH654,Unknown (CH654)
4Wx3ZL6d6p1gVMtwQ2YWsz,Calmo,3UDxVrPokzUcfE33kC0MZY,Lasciatemi Cucinare,2026-02-06,6INyWyrao8Znej5GPIXw2u,The Hell,CH6542530298,CH654,Unknown (CH654)
4Wx3ZL6d6p1gVMtwQ2YWsz,Calmo,3UDxVrPokzUcfE33kC0MZY,Lasciatemi Cucinare,2026-02-06,4yDz689EhbXS4yfBUvrAzg,Small Talks,ITIWE2500214,ITIWE,Unknown (ITIWE)
4Wx3ZL6d6p1gVMtwQ2YWsz,Calmo,3UDxVrPokzUcfE33kC0MZY,Lasciatemi Cucinare,2026-02-06,6rAfa1I6LbHqceUrSj4uuI,Fai piano,ITIWE2500192,ITIWE,Unknown (ITIWE)
4Wx3ZL6d6p1gVMtwQ2YWsz,Calmo,3UDxVrPokzUcfE33kC0MZY,Lasciatemi Cucinare,2026-02-06,2utgpmbZ1i4Tu8GWxwC9ub,Non siamo i Queen,ITIWE2500231,ITIWE,Unknown (ITIWE)
4Wx3ZL6d6p1gVMtwQ2YWsz,Calmo,3UDxVrPokzUcfE33kC0MZY,Lasciatemi Cucinare,2026-02-06,3FRhLeRGGQLI7MQkJsFpqK,Ce stevo penzanno,ITIWE2500292,ITIWE,Unknown (ITIWE)
39t4EeLBfpT72UQJVkIeuj,Meditation Relax Club,5tpNRgMolJx6PT3RrhzBWt,"Wellness: 60 Zen Relaxing Nature Sounds Music for Pilates, Yoga, Reiki & Qi Gong, Flute & Piano Music for Peace and Calm",2021-09-09,22qIqDzsgV7GrJjsFpf6SQ,Wellness Songs,ITO101543026,ITO10,Unknown (ITO10)
39t4EeLBfpT72UQJVkIeuj,Meditation Relax Club,5tpNRgMolJx6PT3RrhzBWt,"Wellness: 60 Zen Relaxing Nature Sounds Music for Pilates, Yoga, Reiki & Qi Gong, Flute & Piano Music for Peace and Calm",2021-09-09,4kTVRbDSw4V0vMbUcwNqVb,Zen Spa,ITO101543027,ITO10,Unknown (ITO10)
39t4EeLBfpT72UQJVkIeuj,Meditation Relax Club,5tpNRgMolJx6PT3RrhzBWt,"Wellness: 60 Zen Relaxing Nature Sounds Music for Pilates, Yoga, Reiki & Qi Gong, Flute & Piano Music for Peace and Calm",2021-09-09,7qAAYjoFJt1Ar3R7s5WujZ,Peace of Mind,ITO101543028,ITO10,Unknown (ITO10)
39t4EeLBfpT72UQJVkIeuj,Meditation Relax Club,5tpNRgMolJx6PT3RrhzBWt,"Wellness: 60 Zen Relaxing Nature Sounds Music for Pilates, Yoga, Reiki & Qi Gong, Flute & Piano Music for Peace and Calm",2021-09-09,0LHscperFZWUM9T511fN8K,Clean Your Soul,ITO101543029,ITO10,Unknown (ITO10)
39t4EeLBfpT72UQJVkIeuj,Meditation Relax Club,5tpNRgMolJx6PT3RrhzBWt,"Wellness: 60 Zen Relaxing Nature Sounds Music for Pilates, Yoga, Reiki & Qi Gong, Flute & Piano Music for Peace and Calm",2021-09-09,1Vs1RnMOmYEnHFSq6MVW3X,Fine Art of Living in Harmony,ITO101543030,ITO10,Unknown (ITO10)
39t4EeLBfpT72UQJVkIeuj,Meditation Relax Club,5tpNRgMolJx6PT3RrhzBWt,"Wellness: 60 Zen Relaxing Nature Sounds Music for Pilates, Yoga, Reiki & Qi Gong, Flute & Piano Music for Peace and Calm",2021-09-09,41FvuQMR75Mj2P8h1mXokE,Calm Nature,ITO101543031,ITO10,Unknown (ITO10)
39t4EeLBfpT72UQJVkIeuj,Meditation Relax Club,5tpNRgMolJx6PT3RrhzBWt,"Wellness: 60 Zen Relaxing Nature Sounds Music for Pilates, Yoga, Reiki & Qi Gong, Flute & Piano Music for Peace and Calm",2021-09-09,4NnBZlymDuvjFrbzb3LoL8,Peace and Quiet,ITO101543032,ITO10,Unknown (ITO10)
39t4EeLBfpT72UQJVkIeuj,Meditation Relax Club,5tpNRgMolJx6PT3RrhzBWt,"Wellness: 60 Zen Relaxing Nature Sounds Music for Pilates, Yoga, Reiki & Qi Gong, Flute & Piano Music for Peace and Calm",2021-09-09,5IxKfI8qUWGr10Pybcfjeu,Coconut Beach,ITO101543033,ITO10,Unknown (ITO10)
39t4EeLBfpT72UQJVkIeuj,Meditation Relax Club,5tpNRgMolJx6PT3RrhzBWt,"Wellness: 60 Zen Relaxing Nature Sounds Music for Pilates, Yoga, Reiki & Qi Gong, Flute & Piano Music for Peace and Calm",2021-09-09,4XIZzbJogzcAVtVhVTA8qJ,Spa,ITO101543034,ITO10,Unknown (ITO10)
39t4EeLBfpT72UQJVkIeuj,Meditation Relax Club,5tpNRgMolJx6PT3RrhzBWt,"Wellness: 60 Zen Relaxing Nature Sounds Music for Pilates, Yoga, Reiki & Qi Gong, Flute & Piano Music for Peace and Calm",2021-09-09,7kS8aby8VJA87XINwFaWle,Blue Waves,ITO101543035,ITO10,Unknown (ITO10)
39t4EeLBfpT72UQJVkIeuj,Meditation Relax Club,5tpNRgMolJx6PT3RrhzBWt,"Wellness: 60 Zen Relaxing Nature Sounds Music for Pilates, Yoga, Reiki & Qi Gong, Flute & Piano Music for Peace and Calm",2021-09-09,6ucASvup6hTtRTLbXnkz8K,Calm Music for Yoga,ITO101543036,ITO10,Unknown (ITO10)
39t4EeLBfpT72UQJVkIeuj,Meditation Relax Club,5tpNRgMolJx6PT3RrhzBWt,"Wellness: 60 Zen Relaxing Nature Sounds Music for Pilates, Yoga, Reiki & Qi Gong, Flute & Piano Music for Peace and Calm",2021-09-09,7k13j5l2JSwgSXjeoqGRdg,Pure Yoga,ITO101543037,ITO10,Unknown (ITO10)
39t4EeLBfpT72UQJVkIeuj,Meditation Relax Club,5tpNRgMolJx6PT3RrhzBWt,"Wellness: 60 Zen Relaxing Nature Sounds Music for Pilates, Yoga, Reiki & Qi Gong, Flute & Piano Music for Peace and Calm",2021-09-09,6c24olZot3aI9RepSl76O7,Intimate Moments,ITO101543038,ITO10,Unknown (ITO10)
39t4EeLBfpT72UQJVkIeuj,Meditation Relax Club,5tpNRgMolJx6PT3RrhzBWt,"Wellness: 60 Zen Relaxing Nature Sounds Music for Pilates, Yoga, Reiki & Qi Gong, Flute & Piano Music for Peace and Calm",2021-09-09,7byUsIZaFdiDu8NWhYBN0T,White Sand,ITO101543039,ITO10,Unknown (ITO10)
39t4EeLBfpT72UQJVkIeuj,Meditation Relax Club,5tpNRgMolJx6PT3RrhzBWt,"Wellness: 60 Zen Relaxing Nature Sounds Music for Pilates, Yoga, Reiki & Qi Gong, Flute & Piano Music for Peace and Calm",2021-09-09,6jCsvUS7xwEZEQgW9lblzK,Shining Sun,ITO101543040,ITO10,Unknown (ITO10)
39t4EeLBfpT72UQJVkIeuj,Meditation Relax Club,5tpNRgMolJx6PT3RrhzBWt,"Wellness: 60 Zen Relaxing Nature Sounds Music for Pilates, Yoga, Reiki & Qi Gong, Flute & Piano Music for Peace and Calm",2021-09-09,4q5hHxMxycNK9HiE1NJ9xW,Reiki Sanctuary,ITO101543041,ITO10,Unknown (ITO10)
39t4EeLBfpT72UQJVkIeuj,Meditation Relax Club,5tpNRgMolJx6PT3RrhzBWt,"Wellness: 60 Zen Relaxing Nature Sounds Music for Pilates, Yoga, Reiki & Qi Gong, Flute & Piano Music for Peace and Calm",2021-09-09,7DYM3BwC5ubJ2oTSuDKsPe,Spa Time,ITO101543042,ITO10,Unknown (ITO10)
39t4EeLBfpT72UQJVkIeuj,Meditation Relax Club,5tpNRgMolJx6PT3RrhzBWt,"Wellness: 60 Zen Relaxing Nature Sounds Music for Pilates, Yoga, Reiki & Qi Gong, Flute & Piano Music for Peace and Calm",2021-09-09,3MjVfNMbPKXubkL5qCQoy5,Massage,ITO101543043,ITO10,Unknown (ITO10)
39t4EeLBfpT72UQJVkIeuj,Meditation Relax Club,5tpNRgMolJx6PT3RrhzBWt,"Wellness: 60 Zen Relaxing Nature Sounds Music for Pilates, Yoga, Reiki & Qi Gong, Flute & Piano Music for Peace and Calm",2021-09-09,2JCNOBcJFBUO01p2PzAK18,Pilates,ITO101543044,ITO10,Unknown (ITO10)
39t4EeLBfpT72UQJVkIeuj,Meditation Relax Club,5tpNRgMolJx6PT3RrhzBWt,"Wellness: 60 Zen Relaxing Nature Sounds Music for Pilates, Yoga, Reiki & Qi Gong, Flute & Piano Music for Peace and Calm",2021-09-09,3NLF7BE6WdyI3fDHShlGEj,Divine Relaxation,ITO101543045,ITO10,Unknown (ITO10)
39t4EeLBfpT72UQJVkIeuj,Meditation Relax Club,5tpNRgMolJx6PT3RrhzBWt,"Wellness: 60 Zen Relaxing Nature Sounds Music for Pilates, Yoga, Reiki & Qi Gong, Flute & Piano Music for Peace and Calm",2021-09-09,0PtVrCz0qX6N3FWpfL9vUN,Blue Water,ITO101543046,ITO10,Unknown (ITO10)
39t4EeLBfpT72UQJVkIeuj,Meditation Relax Club,5tpNRgMolJx6PT3RrhzBWt,"Wellness: 60 Zen Relaxing Nature Sounds Music for Pilates, Yoga, Reiki & Qi Gong, Flute & Piano Music for Peace and Calm",2021-09-09,0cN9HGRTzrDRuLsDJ1y45S,Tender Touch,ITO101543047,ITO10,Unknown (ITO10)
39t4EeLBfpT72UQJVkIeuj,Meditation Relax Club,5tpNRgMolJx6PT3RrhzBWt,"Wellness: 60 Zen Relaxing Nature Sounds Music for Pilates, Yoga, Reiki & Qi Gong, Flute & Piano Music for Peace and Calm",2021-09-09,5wfXjv3LogQrRJDXFMTBHy,Touch,ITO101543048,ITO10,Unknown (ITO10)
39t4EeLBfpT72UQJVkIeuj,Meditation Relax Club,4EGrDUxCvextpkdNeaMop1,Loving Kindness Meditation Songs: Music to Meditate Deeply for Your Loved Ones,2021-09-24,20f3n1Hmwxon4Mzv86yDPW,Loving Kindness Meditation,ITO101550637,ITO10,Unknown (ITO10)
39t4EeLBfpT72UQJVkIeuj,Meditation Relax Club,4EGrDUxCvextpkdNeaMop1,Loving Kindness Meditation Songs: Music to Meditate Deeply for Your Loved Ones,2021-09-24,2a3XSIMpWPfw4on5ycvXL5,Valued Silence,ITO101550638,ITO10,Unknown (ITO10)
39t4EeLBfpT72UQJVkIeuj,Meditation Relax Club,4EGrDUxCvextpkdNeaMop1,Loving Kindness Meditation Songs: Music to Meditate Deeply for Your Loved Ones,2021-09-24,2nw4LM7RxZdIg9S41Kus8W,Forgiveness,ITO101550639,ITO10,Unknown (ITO10)
39t4EeLBfpT72UQJVkIeuj,Meditation Relax Club,4EGrDUxCvextpkdNeaMop1,Loving Kindness Meditation Songs: Music to Meditate Deeply for Your Loved Ones,2021-09-24,6u7OtrNgobvoUVlZxxsYvD,Acceptance,ITO101550640,ITO10,Unknown (ITO10)
39t4EeLBfpT72UQJVkIeuj,Meditation Relax Club,4EGrDUxCvextpkdNeaMop1,Loving Kindness Meditation Songs: Music to Meditate Deeply for Your Loved Ones,2021-09-24,7250SztXDR4GHIxIRCGfsx,Love Your Neighbor as Yourself,ITO101550641,ITO10,Unknown (ITO10)
39t4EeLBfpT72UQJVkIeuj,Meditation Relax Club,4EGrDUxCvextpkdNeaMop1,Loving Kindness Meditation Songs: Music to Meditate Deeply for Your Loved Ones,2021-09-24,708Kgs3SjmEm6UsSvfT0Dr,Self Esteem,ITO101550642,ITO10,Unknown (ITO10)
39t4EeLBfpT72UQJVkIeuj,Meditation Relax Club,4EGrDUxCvextpkdNeaMop1,Loving Kindness Meditation Songs: Music to Meditate Deeply for Your Loved Ones,2021-09-24,2qtjgZavRtz008JcwDRukj,Vital Energy,ITO101550643,ITO10,Unknown (ITO10)
39t4EeLBfpT72UQJVkIeuj,Meditation Relax Club,4EGrDUxCvextpkdNeaMop1,Loving Kindness Meditation Songs: Music to Meditate Deeply for Your Loved Ones,2021-09-24,5MaxnjdtYrrM68itPVtxEN,Inner Peace,ITO101550644,ITO10,Unknown (ITO10)
39t4EeLBfpT72UQJVkIeuj,Meditation Relax Club,4EGrDUxCvextpkdNeaMop1,Loving Kindness Meditation Songs: Music to Meditate Deeply for Your Loved Ones,2021-09-24,4OxP3fZKUvxKfNuw41FqZn,Soothing Music,ITO101550645,ITO10,Unknown (ITO10)
39t4EeLBfpT72UQJVkIeuj,Meditation Relax Club,4EGrDUxCvextpkdNeaMop1,Loving Kindness Meditation Songs: Music to Meditate Deeply for Your Loved Ones,2021-09-24,5IjgOADFh5Z4AtbMJdrwac,Well Being,ITO101550646,ITO10,Unknown (ITO10)
39t4EeLBfpT72UQJVkIeuj,Meditation Relax Club,4EGrDUxCvextpkdNeaMop1,Loving Kindness Meditation Songs: Music to Meditate Deeply for Your Loved Ones,2021-09-24,22gxnEckJn92lQVNgvbhag,Deep Relax,ITO101550647,ITO10,Unknown (ITO10)
39t4EeLBfpT72UQJVkIeuj,Meditation Relax Club,4EGrDUxCvextpkdNeaMop1,Loving Kindness Meditation Songs: Music to Meditate Deeply for Your Loved Ones,2021-09-24,7k1nzDKTbSly6oiAVfUUzq,Gratitude,ITO101550648,ITO10,Unknown (ITO10)
39t4EeLBfpT72UQJVkIeuj,Meditation Relax Club,4EGrDUxCvextpkdNeaMop1,Loving Kindness Meditation Songs: Music to Meditate Deeply for Your Loved Ones,2021-09-24,0In17lQwmwJMxHYR8bsAfx,Trance,ITO101550649,ITO10,Unknown (ITO10)
39t4EeLBfpT72UQJVkIeuj,Meditation Relax Club,4EGrDUxCvextpkdNeaMop1,Loving Kindness Meditation Songs: Music to Meditate Deeply for Your Loved Ones,2021-09-24,0BREsUCAQvwB9JPVwyojb0,Guided Imagery,ITO101550650,ITO10,Unknown (ITO10)
39t4EeLBfpT72UQJVkIeuj,Meditation Relax Club,4EGrDUxCvextpkdNeaMop1,Loving Kindness Meditation Songs: Music to Meditate Deeply for Your Loved Ones,2021-09-24,6FVzHLKPySIIHsP1X5WHAb,Mindfulness Meditation,ITO101550651,ITO10,Unknown (ITO10)
39t4EeLBfpT72UQJVkIeuj,Meditation Relax Club,4EGrDUxCvextpkdNeaMop1,Loving Kindness Meditation Songs: Music to Meditate Deeply for Your Loved Ones,2021-09-24,1OqAB12St6kW3HDRQ3Alq2,Chakra Balancing,ITO101550652,ITO10,Unknown (ITO10)
39t4EeLBfpT72UQJVkIeuj,Meditation Relax Club,4EGrDUxCvextpkdNeaMop1,Loving Kindness Meditation Songs: Music to Meditate Deeply for Your Loved Ones,2021-09-24,1YvRzE5Ww2H0XEF19mGlB5,Mindful Way,ITO101550653,ITO10,Unknown (ITO10)
39t4EeLBfpT72UQJVkIeuj,Meditation Relax Club,4EGrDUxCvextpkdNeaMop1,Loving Kindness Meditation Songs: Music to Meditate Deeply for Your Loved Ones,2021-09-24,5Rheke3J3lTTMzXoa9Jzlf,Namaste,ITO101550654,ITO10,Unknown (ITO10)
39t4EeLBfpT72UQJVkIeuj,Meditation Relax Club,4EGrDUxCvextpkdNeaMop1,Loving Kindness Meditation Songs: Music to Meditate Deeply for Your Loved Ones,2021-09-24,5VCl2Vk0gx00AJPc6J8Z64,Soft Music,ITO101550655,ITO10,Unknown (ITO10)
39t4EeLBfpT72UQJVkIeuj,Meditation Relax Club,4EGrDUxCvextpkdNeaMop1,Loving Kindness Meditation Songs: Music to Meditate Deeply for Your Loved Ones,2021-09-24,0i9nTf47AEOZeiEH1L3okn,Tranquility,ITO101550656,ITO10,Unknown (ITO10)
39t4EeLBfpT72UQJVkIeuj,Meditation Relax Club,4EGrDUxCvextpkdNeaMop1,Loving Kindness Meditation Songs: Music to Meditate Deeply for Your Loved Ones,2021-09-24,76tugiLK73HAwcHne4cwzZ,Wellness,ITO101550657,ITO10,Unknown (ITO10)
39t4EeLBfpT72UQJVkIeuj,Meditation Relax Club,4EGrDUxCvextpkdNeaMop1,Loving Kindness Meditation Songs: Music to Meditate Deeply for Your Loved Ones,2021-09-24,1PZMFdbOFeFeefVtvJwcgd,Positive Thinking,ITO101550658,ITO10,Unknown (ITO10)
39t4EeLBfpT72UQJVkIeuj,Meditation Relax Club,4EGrDUxCvextpkdNeaMop1,Loving Kindness Meditation Songs: Music to Meditate Deeply for Your Loved Ones,2021-09-24,1CZg0im8ttDrDNb7xsDAft,Healing Power,ITO101550659,ITO10,Unknown (ITO10)
39t4EeLBfpT72UQJVkIeuj,Meditation Relax Club,4IUPgHeSJZiitSdCQ8OuoL,Oneiric World: Dream Music to Help You Sleep,2021-11-17,3eoYeZRt9bM2G1qS1Wdxb0,Oneiric World,ITLU51917975,ITLU5,Unknown (ITLU5)
39t4EeLBfpT72UQJVkIeuj,Meditation Relax Club,4IUPgHeSJZiitSdCQ8OuoL,Oneiric World: Dream Music to Help You Sleep,2021-11-17,2hQHQvqpvL310vQIE3IyDm,Balance,ITLU51917976,ITLU5,Unknown (ITLU5)
39t4EeLBfpT72UQJVkIeuj,Meditation Relax Club,4IUPgHeSJZiitSdCQ8OuoL,Oneiric World: Dream Music to Help You Sleep,2021-11-17,45QyYDeKKey8H9LBI3IEHs,In My Dream,ITLU51917977,ITLU5,Unknown (ITLU5)
39t4EeLBfpT72UQJVkIeuj,Meditation Relax Club,4IUPgHeSJZiitSdCQ8OuoL,Oneiric World: Dream Music to Help You Sleep,2021-11-17,4LTwnIAoEiiGdfC9mLhbqg,Deep Feeling,ITLU51917978,ITLU5,Unknown (ITLU5)
39t4EeLBfpT72UQJVkIeuj,Meditation Relax Club,4IUPgHeSJZiitSdCQ8OuoL,Oneiric World: Dream Music to Help You Sleep,2021-11-17,2yl6cjU1MAsTz4mrAW5GRK,Letting Go,ITLU51917979,ITLU5,Unknown (ITLU5)
39t4EeLBfpT72UQJVkIeuj,Meditation Relax Club,4IUPgHeSJZiitSdCQ8OuoL,Oneiric World: Dream Music to Help You Sleep,2021-11-17,27jZWzGYs0ZJ2Fz5zTx2xO,Soothing Sounds,ITLU51917980,ITLU5,Unknown (ITLU5)
39t4EeLBfpT72UQJVkIeuj,Meditation Relax Club,4IUPgHeSJZiitSdCQ8OuoL,Oneiric World: Dream Music to Help You Sleep,2021-11-17,6jGvCHfmEzRnaaPDcQiBkk,Dream Music,ITLU51917981,ITLU5,Unknown (ITLU5)
39t4EeLBfpT72UQJVkIeuj,Meditation Relax Club,4IUPgHeSJZiitSdCQ8OuoL,Oneiric World: Dream Music to Help You Sleep,2021-11-17,3uKZKW0Y36WDThgotsn2aA,Reducing Stress,ITLU51917982,ITLU5,Unknown (ITLU5)
39t4EeLBfpT72UQJVkIeuj,Meditation Relax Club,4IUPgHeSJZiitSdCQ8OuoL,Oneiric World: Dream Music to Help You Sleep,2021-11-17,58UxXxYNyf42eYJCDQEMke,Garden of Peace,ITLU51917983,ITLU5,Unknown (ITLU5)
39t4EeLBfpT72UQJVkIeuj,Meditation Relax Club,4IUPgHeSJZiitSdCQ8OuoL,Oneiric World: Dream Music to Help You Sleep,2021-11-17,6L2WIWiqtoW608QX5X63XE,Reiki for Sleeping,ITLU51917984,ITLU5,Unknown (ITLU5)
39t4EeLBfpT72UQJVkIeuj,Meditation Relax Club,4IUPgHeSJZiitSdCQ8OuoL,Oneiric World: Dream Music to Help You Sleep,2021-11-17,7oM7Xa3fvUVM2pzOZOmHDC,Improve Your Feeling,ITLU51917985,ITLU5,Unknown (ITLU5)
39t4EeLBfpT72UQJVkIeuj,Meditation Relax Club,4IUPgHeSJZiitSdCQ8OuoL,Oneiric World: Dream Music to Help You Sleep,2021-11-17,2fc38FtmOUNNeAiSYizlo0,Blue Lights,ITLU51917986,ITLU5,Unknown (ITLU5)
39t4EeLBfpT72UQJVkIeuj,Meditation Relax Club,1SqNjPsONlen6xQCZ9gc1b,30 Christmas Songs to Fall Asleep: New Age Classics from the Heart for Kids & Adults,2021-12-29,2vlfMfvXAzcIrEbAJuXjUE,Christmas Songs to Fall Asleep,ITO102087971,ITO10,Unknown (ITO10)
39t4EeLBfpT72UQJVkIeuj,Meditation Relax Club,1SqNjPsONlen6xQCZ9gc1b,30 Christmas Songs to Fall Asleep: New Age Classics from the Heart for Kids & Adults,2021-12-29,4ExH6NmrDx9I6NgTETjc4C,New Age Classics from the Heart,ITO102087972,ITO10,Unknown (ITO10)
39t4EeLBfpT72UQJVkIeuj,Meditation Relax Club,1SqNjPsONlen6xQCZ9gc1b,30 Christmas Songs to Fall Asleep: New Age Classics from the Heart for Kids & Adults,2021-12-29,4ymZvPxrtU89oWhiQwf4fA,Positively Xmas,ITO102087973,ITO10,Unknown (ITO10)
39t4EeLBfpT72UQJVkIeuj,Meditation Relax Club,1SqNjPsONlen6xQCZ9gc1b,30 Christmas Songs to Fall Asleep: New Age Classics from the Heart for Kids & Adults,2021-12-29,3Iv9TyEIkZHlCgb6lqvotQ,Get Inspired,ITO102087974,ITO10,Unknown (ITO10)
39t4EeLBfpT72UQJVkIeuj,Meditation Relax Club,1SqNjPsONlen6xQCZ9gc1b,30 Christmas Songs to Fall Asleep: New Age Classics from the Heart for Kids & Adults,2021-12-29,79GTQfpVO3yrs9puzXSJT7,Serenity Days,ITO102087975,ITO10,Unknown (ITO10)
39t4EeLBfpT72UQJVkIeuj,Meditation Relax Club,1SqNjPsONlen6xQCZ9gc1b,30 Christmas Songs to Fall Asleep: New Age Classics from the Heart for Kids & Adults,2021-12-29,2MuQv2dx2KWBqEP4XunARq,Christmas Music for Kids & Adults,ITO102087976,ITO10,Unknown (ITO10)
39t4EeLBfpT72UQJVkIeuj,Meditation Relax Club,1SqNjPsONlen6xQCZ9gc1b,30 Christmas Songs to Fall Asleep: New Age Classics from the Heart for Kids & Adults,2021-12-29,5r7drWyBSOHioLASpromHu,Calm Thought,ITO102087977,ITO10,Unknown (ITO10)
39t4EeLBfpT72UQJVkIeuj,Meditation Relax Club,1SqNjPsONlen6xQCZ9gc1b,30 Christmas Songs to Fall Asleep: New Age Classics from the Heart for Kids & Adults,2021-12-29,5nFjrxqLpOCzxhrjNWqain,Christmas Dreamer,ITO102087978,ITO10,Unknown (ITO10)
39t4EeLBfpT72UQJVkIeuj,Meditation Relax Club,1SqNjPsONlen6xQCZ9gc1b,30 Christmas Songs to Fall Asleep: New Age Classics from the Heart for Kids & Adults,2021-12-29,0BDijxJ1Awr7SqueGH1kEX,Christmas Sleep Music Lullabies,ITO102087979,ITO10,Unknown (ITO10)
39t4EeLBfpT72UQJVkIeuj,Meditation Relax Club,1SqNjPsONlen6xQCZ9gc1b,30 Christmas Songs to Fall Asleep: New Age Classics from the Heart for Kids & Adults,2021-12-29,6ItNENPRUdIc2oJnWH9VUL,Green Ideas,ITO102087980,ITO10,Unknown (ITO10)
39t4EeLBfpT72UQJVkIeuj,Meditation Relax Club,1SqNjPsONlen6xQCZ9gc1b,30 Christmas Songs to Fall Asleep: New Age Classics from the Heart for Kids & Adults,2021-12-29,0eHdA33ttAkbPkkQazekGU,New Age Instrumentals,ITO102087981,ITO10,Unknown (ITO10)
39t4EeLBfpT72UQJVkIeuj,Meditation Relax Club,1SqNjPsONlen6xQCZ9gc1b,30 Christmas Songs to Fall Asleep: New Age Classics from the Heart for Kids & Adults,2021-12-29,0hVj9wsab7HjhHqcMwAUV4,Classical Holiday Songs,ITO102087982,ITO10,Unknown (ITO10)
39t4EeLBfpT72UQJVkIeuj,Meditation Relax Club,1SqNjPsONlen6xQCZ9gc1b,30 Christmas Songs to Fall Asleep: New Age Classics from the Heart for Kids & Adults,2021-12-29,659tIKMR5v6TWZm8CXFHDz,Under the Christmas Tree,ITO102087983,ITO10,Unknown (ITO10)
39t4EeLBfpT72UQJVkIeuj,Meditation Relax Club,1SqNjPsONlen6xQCZ9gc1b,30 Christmas Songs to Fall Asleep: New Age Classics from the Heart for Kids & Adults,2021-12-29,0dOqpbkxocRKUg8Awj0kT1,Christmas Eve,ITO102087984,ITO10,Unknown (ITO10)
39t4EeLBfpT72UQJVkIeuj,Meditation Relax Club,1SqNjPsONlen6xQCZ9gc1b,30 Christmas Songs to Fall Asleep: New Age Classics from the Heart for Kids & Adults,2021-12-29,7uK4hxUo4L6e6BvHiMhjOk,Cozy and Warm,ITO102087985,ITO10,Unknown (ITO10)
39t4EeLBfpT72UQJVkIeuj,Meditation Relax Club,1SqNjPsONlen6xQCZ9gc1b,30 Christmas Songs to Fall Asleep: New Age Classics from the Heart for Kids & Adults,2021-12-29,1qXLBHv6B0DZwMgsgWF5eI,Magical Sound of the Harp,ITO102087986,ITO10,Unknown (ITO10)
39t4EeLBfpT72UQJVkIeuj,Meditation Relax Club,1SqNjPsONlen6xQCZ9gc1b,30 Christmas Songs to Fall Asleep: New Age Classics from the Heart for Kids & Adults,2021-12-29,203Y8EYEi3TOznX0ROcqnz,Background Music for Family Christmas,ITO102087987,ITO10,Unknown (ITO10)
39t4EeLBfpT72UQJVkIeuj,Meditation Relax Club,1SqNjPsONlen6xQCZ9gc1b,30 Christmas Songs to Fall Asleep: New Age Classics from the Heart for Kids & Adults,2021-12-29,1biFlL0bFharZj4udVMdSr,Spirit of Relaxation,ITO102087988,ITO10,Unknown (ITO10)
39t4EeLBfpT72UQJVkIeuj,Meditation Relax Club,1SqNjPsONlen6xQCZ9gc1b,30 Christmas Songs to Fall Asleep: New Age Classics from the Heart for Kids & Adults,2021-12-29,30pRghc9boilvlI4lZaCAZ,By the Fireplace,ITO102087989,ITO10,Unknown (ITO10)
39t4EeLBfpT72UQJVkIeuj,Meditation Relax Club,1SqNjPsONlen6xQCZ9gc1b,30 Christmas Songs to Fall Asleep: New Age Classics from the Heart for Kids & Adults,2021-12-29,6ukck0Z7MyctC2yZGjcQ4N,Holiday Mix,ITO102087990,ITO10,Unknown (ITO10)
39t4EeLBfpT72UQJVkIeuj,Meditation Relax Club,1SqNjPsONlen6xQCZ9gc1b,30 Christmas Songs to Fall Asleep: New Age Classics from the Heart for Kids & Adults,2021-12-29,4GfWg6yLV1S8nWISBXAVrh,Blessed Vibes,ITO102087991,ITO10,Unknown (ITO10)
39t4EeLBfpT72UQJVkIeuj,Meditation Relax Club,1SqNjPsONlen6xQCZ9gc1b,30 Christmas Songs to Fall Asleep: New Age Classics from the Heart for Kids & Adults,2021-12-29,3Tlt9DzQbr95TE00VNKVs0,Christmas Favourites,ITO102087992,ITO10,Unknown (ITO10)
39t4EeLBfpT72UQJVkIeuj,Meditation Relax Club,1SqNjPsONlen6xQCZ9gc1b,30 Christmas Songs to Fall Asleep: New Age Classics from the Heart for Kids & Adults,2021-12-29,4kAhNVNBwUujAIPw2GRYkP,Cozy Christmas Music,ITO102087993,ITO10,Unknown (ITO10)
39t4EeLBfpT72UQJVkIeuj,Meditation Relax Club,1SqNjPsONlen6xQCZ9gc1b,30 Christmas Songs to Fall Asleep: New Age Classics from the Heart for Kids & Adults,2021-12-29,0r9WFKqMotNmGcC9sEblcc,Holiday Mood Ambience,ITO102087994,ITO10,Unknown (ITO10)
39t4EeLBfpT72UQJVkIeuj,Meditation Relax Club,1SqNjPsONlen6xQCZ9gc1b,30 Christmas Songs to Fall Asleep: New Age Classics from the Heart for Kids & Adults,2021-12-29,0417cD6GnTHjFk4vbcDuII,Healing and Relaxing Music,ITO102087995,ITO10,Unknown (ITO10)
39t4EeLBfpT72UQJVkIeuj,Meditation Relax Club,1SqNjPsONlen6xQCZ9gc1b,30 Christmas Songs to Fall Asleep: New Age Classics from the Heart for Kids & Adults,2021-12-29,4UC3UetESR9kTGaMvPKAy2,Fairytale Music,ITO102087996,ITO10,Unknown (ITO10)
39t4EeLBfpT72UQJVkIeuj,Meditation Relax Club,1SqNjPsONlen6xQCZ9gc1b,30 Christmas Songs to Fall Asleep: New Age Classics from the Heart for Kids & Adults,2021-12-29,20ubjXU3HK0duLOjjuEHqe,New Age Music,ITO102087997,ITO10,Unknown (ITO10)
39t4EeLBfpT72UQJVkIeuj,Meditation Relax Club,1SqNjPsONlen6xQCZ9gc1b,30 Christmas Songs to Fall Asleep: New Age Classics from the Heart for Kids & Adults,2021-12-29,65CRwla6CuKfCsidFHyoBG,Quieting Detox,ITO102087998,ITO10,Unknown (ITO10)
39t4EeLBfpT72UQJVkIeuj,Meditation Relax Club,1SqNjPsONlen6xQCZ9gc1b,30 Christmas Songs to Fall Asleep: New Age Classics from the Heart for Kids & Adults,2021-12-29,2MFdN5thlHaqCnZcnf3vZ6,Winter Wonderland,ITO102087999,ITO10,Unknown (ITO10)
39t4EeLBfpT72UQJVkIeuj,Meditation Relax Club,1SqNjPsONlen6xQCZ9gc1b,30 Christmas Songs to Fall Asleep: New Age Classics from the Heart for Kids & Adults,2021-12-29,2aPTlKHxUf8BuaTxsXvu2n,Xmas Melodies,ITO102088000,ITO10,Unknown (ITO10)
39t4EeLBfpT72UQJVkIeuj,Meditation Relax Club,2HF5kBaJuoMGdwl3uoOt96,Sleep Jazz 2022 – Slow and Soft Guitar Jazz Songs to Play When You Go to Sleep at Night,2022-03-14,6A8gyxuOC4rZwlKlQGwoqn,Sleep Jazz 2022,ITLU51921291,ITLU5,Unknown (ITLU5)
39t4EeLBfpT72UQJVkIeuj,Meditation Relax Club,2HF5kBaJuoMGdwl3uoOt96,Sleep Jazz 2022 – Slow and Soft Guitar Jazz Songs to Play When You Go to Sleep at Night,2022-03-14,31AOJnBxrcdH68sqPgUPOy,Find the Way to Sleep,ITLU51921292,ITLU5,Unknown (ITLU5)
39t4EeLBfpT72UQJVkIeuj,Meditation Relax Club,2HF5kBaJuoMGdwl3uoOt96,Sleep Jazz 2022 – Slow and Soft Guitar Jazz Songs to Play When You Go to Sleep at Night,2022-03-14,5l406aoIcdo1IUDU6LhyBU,Meditation for Sleeping,ITLU51921293,ITLU5,Unknown (ITLU5)
39t4EeLBfpT72UQJVkIeuj,Meditation Relax Club,2HF5kBaJuoMGdwl3uoOt96,Sleep Jazz 2022 – Slow and Soft Guitar Jazz Songs to Play When You Go to Sleep at Night,2022-03-14,1rZDer0w9C1ke9ICfHgajy,"Deep Relax, Slow and Soft Guitar",ITLU51921294,ITLU5,Unknown (ITLU5)
39t4EeLBfpT72UQJVkIeuj,Meditation Relax Club,2HF5kBaJuoMGdwl3uoOt96,Sleep Jazz 2022 – Slow and Soft Guitar Jazz Songs to Play When You Go to Sleep at Night,2022-03-14,2ovwVl8hzhaRusXhjyc6PB,For Healing,ITLU51921295,ITLU5,Unknown (ITLU5)
39t4EeLBfpT72UQJVkIeuj,Meditation Relax Club,2HF5kBaJuoMGdwl3uoOt96,Sleep Jazz 2022 – Slow and Soft Guitar Jazz Songs to Play When You Go to Sleep at Night,2022-03-14,11mAOOmhrJXJlbNIurqF5B,Guitar for Relax,ITLU51921296,ITLU5,Unknown (ITLU5)
39t4EeLBfpT72UQJVkIeuj,Meditation Relax Club,2HF5kBaJuoMGdwl3uoOt96,Sleep Jazz 2022 – Slow and Soft Guitar Jazz Songs to Play When You Go to Sleep at Night,2022-03-14,5jQX6oIwh3jV9gKEvnLFR5,Melatonine Jazz Song,ITLU51921297,ITLU5,Unknown (ITLU5)
39t4EeLBfpT72UQJVkIeuj,Meditation Relax Club,2HF5kBaJuoMGdwl3uoOt96,Sleep Jazz 2022 – Slow and Soft Guitar Jazz Songs to Play When You Go to Sleep at Night,2022-03-14,20XSvIf4zucINTaSzPfjoP,Jazz Lullaby When You Go to Sleep at Night,ITLU51921298,ITLU5,Unknown (ITLU5)
39t4EeLBfpT72UQJVkIeuj,Meditation Relax Club,2HF5kBaJuoMGdwl3uoOt96,Sleep Jazz 2022 – Slow and Soft Guitar Jazz Songs to Play When You Go to Sleep at Night,2022-03-14,5poQVOGascqhS6rYHkOdIc,Slowly,ITLU51921299,ITLU5,Unknown (ITLU5)
39t4EeLBfpT72UQJVkIeuj,Meditation Relax Club,2HF5kBaJuoMGdwl3uoOt96,Sleep Jazz 2022 – Slow and Soft Guitar Jazz Songs to Play When You Go to Sleep at Night,2022-03-14,1SoluKb5roqWmaaavFYlfK,Soundscapes for a Good Sleep,ITLU51921300,ITLU5,Unknown (ITLU5)
39t4EeLBfpT72UQJVkIeuj,Meditation Relax Club,2HF5kBaJuoMGdwl3uoOt96,Sleep Jazz 2022 – Slow and Soft Guitar Jazz Songs to Play When You Go to Sleep at Night,2022-03-14,5AW5X52cqjtfdG9RRxLBEC,Relaxing Soundscapes,ITLU51921301,ITLU5,Unknown (ITLU5)
39t4EeLBfpT72UQJVkIeuj,Meditation Relax Club,2HF5kBaJuoMGdwl3uoOt96,Sleep Jazz 2022 – Slow and Soft Guitar Jazz Songs to Play When You Go to Sleep at Night,2022-03-14,6eSPWuOhjZroKGxqUinbhW,Keep Calm,ITLU51921302,ITLU5,Unknown (ITLU5)
39t4EeLBfpT72UQJVkIeuj,Meditation Relax Club,2HF5kBaJuoMGdwl3uoOt96,Sleep Jazz 2022 – Slow and Soft Guitar Jazz Songs to Play When You Go to Sleep at Night,2022-03-14,3UutzdFMw2lAPL5HSaWT89,Slow Guitar,ITLU51921303,ITLU5,Unknown (ITLU5)
39t4EeLBfpT72UQJVkIeuj,Meditation Relax Club,2HF5kBaJuoMGdwl3uoOt96,Sleep Jazz 2022 – Slow and Soft Guitar Jazz Songs to Play When You Go to Sleep at Night,2022-03-14,4HKRZ7jvfA87hReOkzpOLZ,Jazz for Sleeping,ITLU51921304,ITLU5,Unknown (ITLU5)
39t4EeLBfpT72UQJVkIeuj,Meditation Relax Club,2HF5kBaJuoMGdwl3uoOt96,Sleep Jazz 2022 – Slow and Soft Guitar Jazz Songs to Play When You Go to Sleep at Night,2022-03-14,2CX8K1kfmdVmx7N8c264Xh,No Stress Before Bed,ITLU51921305,ITLU5,Unknown (ITLU5)
39t4EeLBfpT72UQJVkIeuj,Meditation Relax Club,2HF5kBaJuoMGdwl3uoOt96,Sleep Jazz 2022 – Slow and Soft Guitar Jazz Songs to Play When You Go to Sleep at Night,2022-03-14,4KJbsiD6AbabcAFx6MPBZE,Soundscapes,ITLU51921306,ITLU5,Unknown (ITLU5)
39t4EeLBfpT72UQJVkIeuj,Meditation Relax Club,4b5zhw37qkQG62ljjSAmBc,The Meditation Playlist: Soft and Sweet Sounds for a Meditation Space,2022-06-10,7wAzdCwDR6rG2rghu0hJg5,The Meditation Playlist,ITLU51924436,ITLU5,Unknown (ITLU5)
39t4EeLBfpT72UQJVkIeuj,Meditation Relax Club,4b5zhw37qkQG62ljjSAmBc,The Meditation Playlist: Soft and Sweet Sounds for a Meditation Space,2022-06-10,1Ul4HsYmAOnUqW6BRIkPR4,Secret Garden of Peace,ITLU51924437,ITLU5,Unknown (ITLU5)
39t4EeLBfpT72UQJVkIeuj,Meditation Relax Club,4b5zhw37qkQG62ljjSAmBc,The Meditation Playlist: Soft and Sweet Sounds for a Meditation Space,2022-06-10,15E5g60C4gS41C5EoAQG6P,Living,ITLU51924438,ITLU5,Unknown (ITLU5)
39t4EeLBfpT72UQJVkIeuj,Meditation Relax Club,4b5zhw37qkQG62ljjSAmBc,The Meditation Playlist: Soft and Sweet Sounds for a Meditation Space,2022-06-10,2mUmtlrcaf4ZjXaiIJl9p9,No Stress,ITLU51924439,ITLU5,Unknown (ITLU5)
39t4EeLBfpT72UQJVkIeuj,Meditation Relax Club,4b5zhw37qkQG62ljjSAmBc,The Meditation Playlist: Soft and Sweet Sounds for a Meditation Space,2022-06-10,550u7FIF6xakiDZpaVnfOH,Yoga Space,ITLU51924440,ITLU5,Unknown (ITLU5)
39t4EeLBfpT72UQJVkIeuj,Meditation Relax Club,4b5zhw37qkQG62ljjSAmBc,The Meditation Playlist: Soft and Sweet Sounds for a Meditation Space,2022-06-10,0zEqau1GZPd0Hs5MDOyTyB,Quiet Mind,ITLU51924441,ITLU5,Unknown (ITLU5)
39t4EeLBfpT72UQJVkIeuj,Meditation Relax Club,4b5zhw37qkQG62ljjSAmBc,The Meditation Playlist: Soft and Sweet Sounds for a Meditation Space,2022-06-10,18XJdDw9FSTc8tttoOJkbB,Soft and Sweet Sounds,ITLU51924442,ITLU5,Unknown (ITLU5)
39t4EeLBfpT72UQJVkIeuj,Meditation Relax Club,4b5zhw37qkQG62ljjSAmBc,The Meditation Playlist: Soft and Sweet Sounds for a Meditation Space,2022-06-10,0FYGt6OdCwEg9lHlH3GQA0,Sit Down and Meditate,ITLU51924443,ITLU5,Unknown (ITLU5)
39t4EeLBfpT72UQJVkIeuj,Meditation Relax Club,4b5zhw37qkQG62ljjSAmBc,The Meditation Playlist: Soft and Sweet Sounds for a Meditation Space,2022-06-10,4PkyDbdCJK5ppbd0QrEm6A,Your Energy,ITLU51924444,ITLU5,Unknown (ITLU5)
39t4EeLBfpT72UQJVkIeuj,Meditation Relax Club,4b5zhw37qkQG62ljjSAmBc,The Meditation Playlist: Soft and Sweet Sounds for a Meditation Space,2022-06-10,5zu98ekRZoAYzcewomfxHQ,For a Meditation Space,ITLU51924445,ITLU5,Unknown (ITLU5)
39t4EeLBfpT72UQJVkIeuj,Meditation Relax Club,4b5zhw37qkQG62ljjSAmBc,The Meditation Playlist: Soft and Sweet Sounds for a Meditation Space,2022-06-10,2zsXy0b0odIgyH7fIIrnZt,Meditation Therapy,ITLU51924446,ITLU5,Unknown (ITLU5)
39t4EeLBfpT72UQJVkIeuj,Meditation Relax Club,4b5zhw37qkQG62ljjSAmBc,The Meditation Playlist: Soft and Sweet Sounds for a Meditation Space,2022-06-10,0ofu6DjsbjGZFU0VdYjB12,Mindulness for a Peaceful Mind,ITLU51924447,ITLU5,Unknown (ITLU5)
39t4EeLBfpT72UQJVkIeuj,Meditation Relax Club,58segIbS0nT1INbnd3Lmen,Bliss Night Time - Calming Sounds to Sleep By,2022-06-16,5SAQ7mtcqY8OGD5AsHFzdC,Easy Relaxing,ITLU52112753,ITLU5,Unknown (ITLU5)
39t4EeLBfpT72UQJVkIeuj,Meditation Relax Club,58segIbS0nT1INbnd3Lmen,Bliss Night Time - Calming Sounds to Sleep By,2022-06-16,6OGaGbDo1kvM8ZQQJ9vGhT,Another Sleep,ITLU52112754,ITLU5,Unknown (ITLU5)
39t4EeLBfpT72UQJVkIeuj,Meditation Relax Club,58segIbS0nT1INbnd3Lmen,Bliss Night Time - Calming Sounds to Sleep By,2022-06-16,6EV3bSv7Qc9oXK8qzIp5nd,Bliss Night Time,ITLU52112755,ITLU5,Unknown (ITLU5)
39t4EeLBfpT72UQJVkIeuj,Meditation Relax Club,58segIbS0nT1INbnd3Lmen,Bliss Night Time - Calming Sounds to Sleep By,2022-06-16,5SDkLKW1HMQ3SUDgnci1nt,Let Me Sing You a Lullaby,ITLU52112756,ITLU5,Unknown (ITLU5)
39t4EeLBfpT72UQJVkIeuj,Meditation Relax Club,58segIbS0nT1INbnd3Lmen,Bliss Night Time - Calming Sounds to Sleep By,2022-06-16,254qnNhlrZSPB2N6sgy9ix,Star of the Orient,ITLU52112757,ITLU5,Unknown (ITLU5)
39t4EeLBfpT72UQJVkIeuj,Meditation Relax Club,58segIbS0nT1INbnd3Lmen,Bliss Night Time - Calming Sounds to Sleep By,2022-06-16,62hlMTBlQRBQ1bVnnBBtxy,Calming Sounds to Sleep By,ITLU52112758,ITLU5,Unknown (ITLU5)
39t4EeLBfpT72UQJVkIeuj,Meditation Relax Club,58segIbS0nT1INbnd3Lmen,Bliss Night Time - Calming Sounds to Sleep By,2022-06-16,6F546rEzkIw6yMdBS85PcI,She's Sleepin,ITLU52112759,ITLU5,Unknown (ITLU5)
39t4EeLBfpT72UQJVkIeuj,Meditation Relax Club,58segIbS0nT1INbnd3Lmen,Bliss Night Time - Calming Sounds to Sleep By,2022-06-16,7I2QGqd6ulqHXls2mpu08l,Dreams Meaning,ITLU52112760,ITLU5,Unknown (ITLU5)
39t4EeLBfpT72UQJVkIeuj,Meditation Relax Club,58segIbS0nT1INbnd3Lmen,Bliss Night Time - Calming Sounds to Sleep By,2022-06-16,2BMqd44ROYH2f9RtY6MJlr,Depth of Night,ITLU52112761,ITLU5,Unknown (ITLU5)
39t4EeLBfpT72UQJVkIeuj,Meditation Relax Club,58segIbS0nT1INbnd3Lmen,Bliss Night Time - Calming Sounds to Sleep By,2022-06-16,0nLhUfeDRirIAhI7PBRdps,Let There Be Healing in the Land of Dreams,ITLU52112762,ITLU5,Unknown (ITLU5)
39t4EeLBfpT72UQJVkIeuj,Meditation Relax Club,58segIbS0nT1INbnd3Lmen,Bliss Night Time - Calming Sounds to Sleep By,2022-06-16,4Vwcqr0h0OM8HiqpVOc3d1,Falling Asleep Quickly,ITLU52112763,ITLU5,Unknown (ITLU5)
39t4EeLBfpT72UQJVkIeuj,Meditation Relax Club,58segIbS0nT1INbnd3Lmen,Bliss Night Time - Calming Sounds to Sleep By,2022-06-16,4LKc0b05patzaofXyG0eIF,Sleepy Babe,ITLU52112764,ITLU5,Unknown (ITLU5)
39t4EeLBfpT72UQJVkIeuj,Meditation Relax Club,58segIbS0nT1INbnd3Lmen,Bliss Night Time - Calming Sounds to Sleep By,2022-06-16,1tfCuknNQm4q3INoyjOfzi,Daydreamer Sleepwalker,ITLU52112765,ITLU5,Unknown (ITLU5)
39t4EeLBfpT72UQJVkIeuj,Meditation Relax Club,58segIbS0nT1INbnd3Lmen,Bliss Night Time - Calming Sounds to Sleep By,2022-06-16,0PQxj3Xa6gk1FDauM97j7r,I Love My Bed,ITLU52112766,ITLU5,Unknown (ITLU5)
39t4EeLBfpT72UQJVkIeuj,Meditation Relax Club,58segIbS0nT1INbnd3Lmen,Bliss Night Time - Calming Sounds to Sleep By,2022-06-16,4H7bcnTH2REOo1lfCXkJjj,Insomnia Treatment,ITLU52112767,ITLU5,Unknown (ITLU5)
39t4EeLBfpT72UQJVkIeuj,Meditation Relax Club,36u4jcOqHzHZe9mPGiADec,The Sweetest Dreams: Amazing Calming Songs for Sleeping,2023-05-11,3UEa32kF00UdhmaUA4kCpi,The Sweetest Dreams,ITLU51934555,ITLU5,Unknown (ITLU5)
39t4EeLBfpT72UQJVkIeuj,Meditation Relax Club,36u4jcOqHzHZe9mPGiADec,The Sweetest Dreams: Amazing Calming Songs for Sleeping,2023-05-11,0ffQjwyrhUAXNtp1GGQj4w,Nidra Meditation,ITLU51934556,ITLU5,Unknown (ITLU5)
39t4EeLBfpT72UQJVkIeuj,Meditation Relax Club,36u4jcOqHzHZe9mPGiADec,The Sweetest Dreams: Amazing Calming Songs for Sleeping,2023-05-11,55mqm2SRmnAyfDXI6sW6kw,Aromatherapy,ITLU51934557,ITLU5,Unknown (ITLU5)
39t4EeLBfpT72UQJVkIeuj,Meditation Relax Club,36u4jcOqHzHZe9mPGiADec,The Sweetest Dreams: Amazing Calming Songs for Sleeping,2023-05-11,7qWVpRSSmSR20EwIwh1lMs,Changing Your Mind,ITLU51934558,ITLU5,Unknown (ITLU5)
39t4EeLBfpT72UQJVkIeuj,Meditation Relax Club,36u4jcOqHzHZe9mPGiADec,The Sweetest Dreams: Amazing Calming Songs for Sleeping,2023-05-11,6IBcPiFzdw0n6REhS2sKn7,Night's Sleep,ITLU51934559,ITLU5,Unknown (ITLU5)
39t4EeLBfpT72UQJVkIeuj,Meditation Relax Club,36u4jcOqHzHZe9mPGiADec,The Sweetest Dreams: Amazing Calming Songs for Sleeping,2023-05-11,75knc5fhkluAc5Z4xFbhbJ,Darkness,ITLU51934560,ITLU5,Unknown (ITLU5)
39t4EeLBfpT72UQJVkIeuj,Meditation Relax Club,36u4jcOqHzHZe9mPGiADec,The Sweetest Dreams: Amazing Calming Songs for Sleeping,2023-05-11,4g0OwOe9oXl6dIm6pbKJfn,Best Relaxation,ITLU51934561,ITLU5,Unknown (ITLU5)
39t4EeLBfpT72UQJVkIeuj,Meditation Relax Club,36u4jcOqHzHZe9mPGiADec,The Sweetest Dreams: Amazing Calming Songs for Sleeping,2023-05-11,68JSo5XbnaOMhMTp0mjEdd,With Benefits of Sleeping,ITLU51934562,ITLU5,Unknown (ITLU5)
39t4EeLBfpT72UQJVkIeuj,Meditation Relax Club,36u4jcOqHzHZe9mPGiADec,The Sweetest Dreams: Amazing Calming Songs for Sleeping,2023-05-11,6xic2GgYBNTglYsn7ICYth,Looking at the Stars,ITLU51934563,ITLU5,Unknown (ITLU5)
39t4EeLBfpT72UQJVkIeuj,Meditation Relax Club,36u4jcOqHzHZe9mPGiADec,The Sweetest Dreams: Amazing Calming Songs for Sleeping,2023-05-11,6gVxLdId5fU4sw7w06QtOf,To Be Happier,ITLU51934564,ITLU5,Unknown (ITLU5)
39t4EeLBfpT72UQJVkIeuj,Meditation Relax Club,36u4jcOqHzHZe9mPGiADec,The Sweetest Dreams: Amazing Calming Songs for Sleeping,2023-05-11,6LE3m6bXhhR8mdjC4KScEq,Morning Sun,ITLU51934565,ITLU5,Unknown (ITLU5)
39t4EeLBfpT72UQJVkIeuj,Meditation Relax Club,36u4jcOqHzHZe9mPGiADec,The Sweetest Dreams: Amazing Calming Songs for Sleeping,2023-05-11,0iIj0xua9fztkvxXq23Rmg,For a Better Quality Sleep,ITLU51934566,ITLU5,Unknown (ITLU5)
39t4EeLBfpT72UQJVkIeuj,Meditation Relax Club,36u4jcOqHzHZe9mPGiADec,The Sweetest Dreams: Amazing Calming Songs for Sleeping,2023-05-11,5kpDO6XYxoyXPR30lQ6Eni,Timing Your Light,ITLU51934567,ITLU5,Unknown (ITLU5)
39t4EeLBfpT72UQJVkIeuj,Meditation Relax Club,36u4jcOqHzHZe9mPGiADec,The Sweetest Dreams: Amazing Calming Songs for Sleeping,2023-05-11,4uIyTA3Xyb0P0Rof3oMtFS,Circadian Clocks,ITLU51934568,ITLU5,Unknown (ITLU5)
39t4EeLBfpT72UQJVkIeuj,Meditation Relax Club,36u4jcOqHzHZe9mPGiADec,The Sweetest Dreams: Amazing Calming Songs for Sleeping,2023-05-11,2YdmB3Q5l78sPe5uUgNiN5,Slow and Cozy,ITLU51934569,ITLU5,Unknown (ITLU5)
39t4EeLBfpT72UQJVkIeuj,Meditation Relax Club,36u4jcOqHzHZe9mPGiADec,The Sweetest Dreams: Amazing Calming Songs for Sleeping,2023-05-11,4sPRcn27fmleUQ5qPnUd5k,Until Dawn,ITLU51934570,ITLU5,Unknown (ITLU5)
39t4EeLBfpT72UQJVkIeuj,Meditation Relax Club,3gnOAddJAhTlc67jYnjD8W,2023 Christmas Sleep Music: Gentle Jingles and Cozy Carols for Adults and Children,2023-12-01,0zFz7z4iuQxdfYabYHJg7c,Angels We Have Heard on High,ITO102260407,ITO10,Unknown (ITO10)
39t4EeLBfpT72UQJVkIeuj,Meditation Relax Club,3gnOAddJAhTlc67jYnjD8W,2023 Christmas Sleep Music: Gentle Jingles and Cozy Carols for Adults and Children,2023-12-01,1hy0QVcfGvxXSYeqp4YzJA,God Rest Ye Merry Gentlemen,ITO102260408,ITO10,Unknown (ITO10)
39t4EeLBfpT72UQJVkIeuj,Meditation Relax Club,3gnOAddJAhTlc67jYnjD8W,2023 Christmas Sleep Music: Gentle Jingles and Cozy Carols for Adults and Children,2023-12-01,1XEoIIrrWTHkFP70rFa9RL,Joy to the World,ITO102260409,ITO10,Unknown (ITO10)
39t4EeLBfpT72UQJVkIeuj,Meditation Relax Club,3gnOAddJAhTlc67jYnjD8W,2023 Christmas Sleep Music: Gentle Jingles and Cozy Carols for Adults and Children,2023-12-01,2i5pqOnAYp1oN6YA1lDloF,Greensleeves,ITO102260410,ITO10,Unknown (ITO10)
39t4EeLBfpT72UQJVkIeuj,Meditation Relax Club,3gnOAddJAhTlc67jYnjD8W,2023 Christmas Sleep Music: Gentle Jingles and Cozy Carols for Adults and Children,2023-12-01,7IX8CmBzAz0zppfzTxU61c,Dreamy Bells of Winter Delight,ITO102260411,ITO10,Unknown (ITO10)
39t4EeLBfpT72UQJVkIeuj,Meditation Relax Club,3gnOAddJAhTlc67jYnjD8W,2023 Christmas Sleep Music: Gentle Jingles and Cozy Carols for Adults and Children,2023-12-01,0h835rNUXlK3MpHDtzseWA,Whispers of Snowfall on Christmas Eve,ITO102260412,ITO10,Unknown (ITO10)
39t4EeLBfpT72UQJVkIeuj,Meditation Relax Club,3gnOAddJAhTlc67jYnjD8W,2023 Christmas Sleep Music: Gentle Jingles and Cozy Carols for Adults and Children,2023-12-01,5csuB0EWhx70zIIyT3xPjN,Winter Wonderland,ITO102260413,ITO10,Unknown (ITO10)
39t4EeLBfpT72UQJVkIeuj,Meditation Relax Club,3gnOAddJAhTlc67jYnjD8W,2023 Christmas Sleep Music: Gentle Jingles and Cozy Carols for Adults and Children,2023-12-01,1bO2xyTKcEos6ZSoDqU4TE,Auld Lang Syne,ITO102260414,ITO10,Unknown (ITO10)
39t4EeLBfpT72UQJVkIeuj,Meditation Relax Club,3gnOAddJAhTlc67jYnjD8W,2023 Christmas Sleep Music: Gentle Jingles and Cozy Carols for Adults and Children,2023-12-01,31iDaPpPl4eMLHlwIHoWTm,Deck the Halls,ITO102260415,ITO10,Unknown (ITO10)
39t4EeLBfpT72UQJVkIeuj,Meditation Relax Club,3gnOAddJAhTlc67jYnjD8W,2023 Christmas Sleep Music: Gentle Jingles and Cozy Carols for Adults and Children,2023-12-01,5kDDsvGNyfAuJ1kVgIYTTV,Good King Wenceslas,ITO102260416,ITO10,Unknown (ITO10)
39t4EeLBfpT72UQJVkIeuj,Meditation Relax Club,1sjjWR3kOsLuPWNmkv6LZh,Dreamscape Journey - Soothing Melodies for Restful Sleep & Peaceful Nighttime Imagination,2025-01-31,5zjGooG0YrDzAB4rh03CPW,Dreamscape Journey,ITO102310502,ITO10,Unknown (ITO10)
39t4EeLBfpT72UQJVkIeuj,Meditation Relax Club,1sjjWR3kOsLuPWNmkv6LZh,Dreamscape Journey - Soothing Melodies for Restful Sleep & Peaceful Nighttime Imagination,2025-01-31,5t9xD27C9a8W3bkTlLRHQz,Become Relax,ITO102310503,ITO10,Unknown (ITO10)
39t4EeLBfpT72UQJVkIeuj,Meditation Relax Club,1sjjWR3kOsLuPWNmkv6LZh,Dreamscape Journey - Soothing Melodies for Restful Sleep & Peaceful Nighttime Imagination,2025-01-31,1PeakOGevF8QknJBAqdvC5,Peaceful Nighttime Imagination,ITO102310504,ITO10,Unknown (ITO10)
39t4EeLBfpT72UQJVkIeuj,Meditation Relax Club,1sjjWR3kOsLuPWNmkv6LZh,Dreamscape Journey - Soothing Melodies for Restful Sleep & Peaceful Nighttime Imagination,2025-01-31,1sBNKOrd0rRokbzaiX7UO4,Zen Natural Mood,ITO102310505,ITO10,Unknown (ITO10)
39t4EeLBfpT72UQJVkIeuj,Meditation Relax Club,1sjjWR3kOsLuPWNmkv6LZh,Dreamscape Journey - Soothing Melodies for Restful Sleep & Peaceful Nighttime Imagination,2025-01-31,2z0suDg2AnKMCILJ8PDhBA,Love Water,ITO102310506,ITO10,Unknown (ITO10)
39t4EeLBfpT72UQJVkIeuj,Meditation Relax Club,1sjjWR3kOsLuPWNmkv6LZh,Dreamscape Journey - Soothing Melodies for Restful Sleep & Peaceful Nighttime Imagination,2025-01-31,0TwKrjlziQbkPFV4eBufAw,Bed Soundscapes,ITO102310507,ITO10,Unknown (ITO10)
39t4EeLBfpT72UQJVkIeuj,Meditation Relax Club,1sjjWR3kOsLuPWNmkv6LZh,Dreamscape Journey - Soothing Melodies for Restful Sleep & Peaceful Nighttime Imagination,2025-01-31,7MFsqlt87J0kYTfsKHTDca,In Dreams,ITO102310508,ITO10,Unknown (ITO10)
39t4EeLBfpT72UQJVkIeuj,Meditation Relax Club,1sjjWR3kOsLuPWNmkv6LZh,Dreamscape Journey - Soothing Melodies for Restful Sleep & Peaceful Nighttime Imagination,2025-01-31,7kVfF8h9htKd14tutLyLow,Deep Breathing,ITO102310509,ITO10,Unknown (ITO10)
39t4EeLBfpT72UQJVkIeuj,Meditation Relax Club,1sjjWR3kOsLuPWNmkv6LZh,Dreamscape Journey - Soothing Melodies for Restful Sleep & Peaceful Nighttime Imagination,2025-01-31,15mp6E3GThRWDUPFEXlfa8,Warm Moments,ITO102310510,ITO10,Unknown (ITO10)
39t4EeLBfpT72UQJVkIeuj,Meditation Relax Club,1sjjWR3kOsLuPWNmkv6LZh,Dreamscape Journey - Soothing Melodies for Restful Sleep & Peaceful Nighttime Imagination,2025-01-31,6MvQWPzrsBH2DAdG83mVBu,For Your Pleasure,ITO102310511,ITO10,Unknown (ITO10)
39t4EeLBfpT72UQJVkIeuj,Meditation Relax Club,1sjjWR3kOsLuPWNmkv6LZh,Dreamscape Journey - Soothing Melodies for Restful Sleep & Peaceful Nighttime Imagination,2025-01-31,5kSyRAhIdhhPT30aRy8Mqo,Listen to the Voice of Nature,ITO102310512,ITO10,Unknown (ITO10)
39t4EeLBfpT72UQJVkIeuj,Meditation Relax Club,1sjjWR3kOsLuPWNmkv6LZh,Dreamscape Journey - Soothing Melodies for Restful Sleep & Peaceful Nighttime Imagination,2025-01-31,2oYpNUBzzDZ2GmOQlCch5P,Magical Moments,ITO102310513,ITO10,Unknown (ITO10)
39t4EeLBfpT72UQJVkIeuj,Meditation Relax Club,1sjjWR3kOsLuPWNmkv6LZh,Dreamscape Journey - Soothing Melodies for Restful Sleep & Peaceful Nighttime Imagination,2025-01-31,44Of1fRO8IKj8Tnrx2Jutm,Self Awareness by Letting Go,ITO102310514,ITO10,Unknown (ITO10)
39t4EeLBfpT72UQJVkIeuj,Meditation Relax Club,1sjjWR3kOsLuPWNmkv6LZh,Dreamscape Journey - Soothing Melodies for Restful Sleep & Peaceful Nighttime Imagination,2025-01-31,3sjFUO8XH2iKOk6J2TjD3c,The Healing of Sleeping and Dreaming,ITO102310515,ITO10,Unknown (ITO10)
39t4EeLBfpT72UQJVkIeuj,Meditation Relax Club,1sjjWR3kOsLuPWNmkv6LZh,Dreamscape Journey - Soothing Melodies for Restful Sleep & Peaceful Nighttime Imagination,2025-01-31,2H4ocLfJYIoOziDrFkgkC8,A Soothing Melody for Restful Sleep,ITO102310516,ITO10,Unknown (ITO10)
6bo3atMVp3qFECNALVwq9N,Relaxing White Noise,02RFnmsfd8gn7uzTxKqSMt,Sleep to Nature Sounds,2023-01-05,4Grn1GNgOjyJTSzNRiefia,Calm Your Mind & Sleep with Relaxing Rain Sounds + Bamboo Water Fountain Loop (No Fade),DEPI82325258,DEPI8,Unknown (DEPI8)
6bo3atMVp3qFECNALVwq9N,Relaxing White Noise,02RFnmsfd8gn7uzTxKqSMt,Sleep to Nature Sounds,2023-01-05,1DQaE7cQxQMHpzE4nMBvkI,"Baby White Noise Stream Sounds Soothe Crying Baby, Colic Relief Loop (No Fade)",DEPI82325259,DEPI8,Unknown (DEPI8)
6bo3atMVp3qFECNALVwq9N,Relaxing White Noise,02RFnmsfd8gn7uzTxKqSMt,Sleep to Nature Sounds,2023-01-05,2koozEnDY3diN4Bberfj4x,Enchanted Lake Water Sounds for Sleep Loop (No Fade),DEPI82325260,DEPI8,Unknown (DEPI8)
6bo3atMVp3qFECNALVwq9N,Relaxing White Noise,02RFnmsfd8gn7uzTxKqSMt,Sleep to Nature Sounds,2023-01-05,5vDrhDPtO2B2T2UBv86H3b,Thunderstorm Sounds with Rain White Noise for Sleeping or Studying Loop (No Fade),DEPI82325261,DEPI8,Unknown (DEPI8)
6bo3atMVp3qFECNALVwq9N,Relaxing White Noise,02RFnmsfd8gn7uzTxKqSMt,Sleep to Nature Sounds,2023-01-05,7epp6usFesjMIjAv4QMKqI,Florida Beach Sounds for Relaxation Ocean Waves White Noise to Help You Sleep or Study Loop (No Fade),DEPI82325262,DEPI8,Unknown (DEPI8)
6bo3atMVp3qFECNALVwq9N,Relaxing White Noise,02RFnmsfd8gn7uzTxKqSMt,Sleep to Nature Sounds,2023-01-05,0cvmYkPXK0Zcf1rhodL4nh,Tropical Rainstorm Sounds for Sleeping or Studying White Noise Loop (No Fade),DEPI82325263,DEPI8,Unknown (DEPI8)
6bo3atMVp3qFECNALVwq9N,Relaxing White Noise,02RFnmsfd8gn7uzTxKqSMt,Sleep to Nature Sounds,2023-01-05,6hIwnOpHgzF9lQRcdlGJVI,Sleep Better with Soothing Waterfall Sound White Noise for Sleeping or Studying Loop (No Fade),DEPI82325264,DEPI8,Unknown (DEPI8)
6bo3atMVp3qFECNALVwq9N,Relaxing White Noise,02RFnmsfd8gn7uzTxKqSMt,Sleep to Nature Sounds,2023-01-05,7iSJhICISZKloh9PvpAppU,Sleep to Relaxing Raindrops + Water Sounds Loop (No Fade),DEPI82325378,DEPI8,Unknown (DEPI8)
6bo3atMVp3qFECNALVwq9N,Relaxing White Noise,02RFnmsfd8gn7uzTxKqSMt,Sleep to Nature Sounds,2023-01-05,4BuLhvtM0iq0KH1Mh0VFXh,Waterfall Sound White Noise for Sleeping or Studying Loop (No Fade),DEPI82325379,DEPI8,Unknown (DEPI8)
6bo3atMVp3qFECNALVwq9N,Relaxing White Noise,02RFnmsfd8gn7uzTxKqSMt,Sleep to Nature Sounds,2023-01-05,4C3t9lSkHEaukebnbNMUB4,"Calming Water Sounds for Sleeping, Relaxation or Focus Loop (No Fade)",DEPI82325380,DEPI8,Unknown (DEPI8)
6bo3atMVp3qFECNALVwq9N,Relaxing White Noise,104nCdcpbzvZuTXKb8v0Bm,"Rain Sounds for Sleep (Loopable, No Fade)",2023-10-20,7EmET4aCYmWXe975301np1,"Forest Rain Sounds for Sleep (Loopable, No Fade)",DEPI82319870,DEPI8,Unknown (DEPI8)
6bo3atMVp3qFECNALVwq9N,Relaxing White Noise,104nCdcpbzvZuTXKb8v0Bm,"Rain Sounds for Sleep (Loopable, No Fade)",2023-10-20,2qEhLzOxJzBsdHd6ywWPyE,"Sleeping Sounds Thunderstorm White Noise (Loopable, No Fade)",DEPI82320294,DEPI8,Unknown (DEPI8)
6bo3atMVp3qFECNALVwq9N,Relaxing White Noise,104nCdcpbzvZuTXKb8v0Bm,"Rain Sounds for Sleep (Loopable, No Fade)",2023-10-20,3KFSQa8YOaS9bMytWbQYv8,"Rain and Thunder Echoes over Lake (Loopable, No Fade)",DEPI82319871,DEPI8,Unknown (DEPI8)
6bo3atMVp3qFECNALVwq9N,Relaxing White Noise,104nCdcpbzvZuTXKb8v0Bm,"Rain Sounds for Sleep (Loopable, No Fade)",2023-10-20,65wvbjpCDFeInjF4lEttFu,"Sounds of Rain and Thunder with Gentle Stream (Loopable, No Fade)",DEPI82319874,DEPI8,Unknown (DEPI8)
6bo3atMVp3qFECNALVwq9N,Relaxing White Noise,104nCdcpbzvZuTXKb8v0Bm,"Rain Sounds for Sleep (Loopable, No Fade)",2023-10-20,0QHlQkIyzVXN5pTxBRD19f,"Light Rain in the Woods Relaxing Rainstorm (Loopable, No Fade)",DEPI82320225,DEPI8,Unknown (DEPI8)
6bo3atMVp3qFECNALVwq9N,Relaxing White Noise,104nCdcpbzvZuTXKb8v0Bm,"Rain Sounds for Sleep (Loopable, No Fade)",2023-10-20,5bgJu9gfkKLduXxlb5Y0K4,"Thunder and Rain Sleep Sounds White Noise (Loopable, No Fade)",DEPI82320226,DEPI8,Unknown (DEPI8)
6bo3atMVp3qFECNALVwq9N,Relaxing White Noise,104nCdcpbzvZuTXKb8v0Bm,"Rain Sounds for Sleep (Loopable, No Fade)",2023-10-20,7Jbt7y36QmJfjfPsyd32Pe,"Thunderstorm and Ocean Waves (Loopable, No Fade)",DEPI82319976,DEPI8,Unknown (DEPI8)
6bo3atMVp3qFECNALVwq9N,Relaxing White Noise,104nCdcpbzvZuTXKb8v0Bm,"Rain Sounds for Sleep (Loopable, No Fade)",2023-10-20,4YBl2K5HBBMAk8kuzX1PUe,"Rain on Castle with Thunder and Lightning (Loopable, No Fade)",DEPI82320227,DEPI8,Unknown (DEPI8)
6bo3atMVp3qFECNALVwq9N,Relaxing White Noise,104nCdcpbzvZuTXKb8v0Bm,"Rain Sounds for Sleep (Loopable, No Fade)",2023-10-20,1RkWsejDCK034zBtQ1Q86f,"Relax to Rain and Ocean Sounds (Loopable, No Fade)",DEPI82320295,DEPI8,Unknown (DEPI8)
6bo3atMVp3qFECNALVwq9N,Relaxing White Noise,104nCdcpbzvZuTXKb8v0Bm,"Rain Sounds for Sleep (Loopable, No Fade)",2023-10-20,3oQKp3WXmMENbwE9ZVuQVS,"Seattle Rain & City Sounds White Noise (Loopable, No Fade)",DEPI82320296,DEPI8,Unknown (DEPI8)
6bo3atMVp3qFECNALVwq9N,Relaxing White Noise,11lZrSdALucMrifTTHZRcm,Rain Sounds Loop (No Fade),2023-10-20,0Jd8w5OyGESoCLE9eIl253,Thunderstorm Rain Sounds Loop (No Fade),DEPI82319812,DEPI8,Unknown (DEPI8)
6bo3atMVp3qFECNALVwq9N,Relaxing White Noise,11lZrSdALucMrifTTHZRcm,Rain Sounds Loop (No Fade),2023-10-20,3jD4CK9DBgqRK28bqyBGtZ,Rain Sounds for Sleeping + Ocean Waves Loop (No Fade),DEPI82319819,DEPI8,Unknown (DEPI8)
6bo3atMVp3qFECNALVwq9N,Relaxing White Noise,11lZrSdALucMrifTTHZRcm,Rain Sounds Loop (No Fade),2023-10-20,7DaZWAZcxtIR9iAKQboGp1,Thunderstorm Sleep Sounds + Rain White Noise Loop (No Fade),DEPI82319817,DEPI8,Unknown (DEPI8)
6bo3atMVp3qFECNALVwq9N,Relaxing White Noise,11lZrSdALucMrifTTHZRcm,Rain Sounds Loop (No Fade),2023-10-20,5To4yRSkbQI9UQmxyW4Jjx,Thunderstorm Ambience with Rushing River Loop (No Fade),DEPI82319820,DEPI8,Unknown (DEPI8)
6bo3atMVp3qFECNALVwq9N,Relaxing White Noise,11lZrSdALucMrifTTHZRcm,Rain Sounds Loop (No Fade),2023-10-20,4GiERupTBXP5yaMMYPMaIu,Thunderstorm Sounds Rainstorm White Noise Loop (No Fade),DEPI82319815,DEPI8,Unknown (DEPI8)
6bo3atMVp3qFECNALVwq9N,Relaxing White Noise,11lZrSdALucMrifTTHZRcm,Rain Sounds Loop (No Fade),2023-10-20,5v5HbhuRMmd4qSt7ecozjj,"Thunder, Rain & Water Sounds Loop (No Fade)",DEPI82319813,DEPI8,Unknown (DEPI8)
6bo3atMVp3qFECNALVwq9N,Relaxing White Noise,11lZrSdALucMrifTTHZRcm,Rain Sounds Loop (No Fade),2023-10-20,40M4HEehvqsFj1MFCKxd7R,Relaxing Rain Sounds Loop (No Fade),DEPI82319582,DEPI8,Unknown (DEPI8)
6bo3atMVp3qFECNALVwq9N,Relaxing White Noise,11lZrSdALucMrifTTHZRcm,Rain Sounds Loop (No Fade),2023-10-20,1nGZFUIy44K4kphB9yjpow,"Thunder, Lightning, Rain Sounds and Ocean Waves Loop (No Fade)",DEPI82319814,DEPI8,Unknown (DEPI8)
6bo3atMVp3qFECNALVwq9N,Relaxing White Noise,11lZrSdALucMrifTTHZRcm,Rain Sounds Loop (No Fade),2023-10-20,4JtarJtVHuNzLw29dmRLac,Rain Sounds White Noise Loop (No Fade),DEPI82319816,DEPI8,Unknown (DEPI8)
6bo3atMVp3qFECNALVwq9N,Relaxing White Noise,11lZrSdALucMrifTTHZRcm,Rain Sounds Loop (No Fade),2023-10-20,1PB9LxfqEpO2plWglrcGj7,Summer Rain Sounds for Sleep & Stress Relief Loop (No Fade),DEPI82319818,DEPI8,Unknown (DEPI8)
6bo3atMVp3qFECNALVwq9N,Relaxing White Noise,0Mmjp2MnHdrnBIsYifZdy6,Fan Noise for Sleeping,2023-11-17,5Z7RGzqTIX9ehByiZco5O1,"Fan Noise for Sleeping Also for Studying, Focus White Noise Loop (No Fade)",DEPI82323736,DEPI8,Unknown (DEPI8)
6bo3atMVp3qFECNALVwq9N,Relaxing White Noise,0Mmjp2MnHdrnBIsYifZdy6,Fan Noise for Sleeping,2023-11-17,2wDSXcKIq2tE5iUNmHjyLb,Loud Fan Noise for Sleeping or Studying Loop (No Fade),DEPI82323728,DEPI8,Unknown (DEPI8)
6bo3atMVp3qFECNALVwq9N,Relaxing White Noise,0Mmjp2MnHdrnBIsYifZdy6,Fan Noise for Sleeping,2023-11-17,5qCU21gmFyTEneyTJYE7f3,Fall Asleep Faster with Box Fan White Noise Loop (No Fade),DEPI82323730,DEPI8,Unknown (DEPI8)
6bo3atMVp3qFECNALVwq9N,Relaxing White Noise,0Mmjp2MnHdrnBIsYifZdy6,Fan Noise for Sleeping,2023-11-17,5c2Ax9Q9jBN5M5YiOsn8Aa,Box Fan for Solid Sleep White Noise Loop (No Fade),DEPI82323731,DEPI8,Unknown (DEPI8)
6bo3atMVp3qFECNALVwq9N,Relaxing White Noise,0Mmjp2MnHdrnBIsYifZdy6,Fan Noise for Sleeping,2023-11-17,0jqorn2yYhTiH24qSI5cEQ,Sleep Sounds of a Box Fan Blows All Night Long! Loop (No Fade),DEPI82323732,DEPI8,Unknown (DEPI8)
6bo3atMVp3qFECNALVwq9N,Relaxing White Noise,0Mmjp2MnHdrnBIsYifZdy6,Fan Noise for Sleeping,2023-11-17,7bN76x6Av22kUOcReGac8i,"Soothing Fan White Noise Ambience Sounds for Relaxation, Study, Sleep Loop (No Fade)",DEPI82323733,DEPI8,Unknown (DEPI8)
6bo3atMVp3qFECNALVwq9N,Relaxing White Noise,0Mmjp2MnHdrnBIsYifZdy6,Fan Noise for Sleeping,2023-11-17,30JK9hfu8Dm58TLuXhRwMV,Box Fan Sounds for Sleep Fall Asleep & Stay Asleep with White Noise Loop (No Fade),DEPI82323734,DEPI8,Unknown (DEPI8)
6bo3atMVp3qFECNALVwq9N,Relaxing White Noise,0Mmjp2MnHdrnBIsYifZdy6,Fan Noise for Sleeping,2023-11-17,1gyey1Tb1M2mlpw4wOH0j8,Sleep Sounds Fan Noise Fall Asleep & Remain Sleeping with White Noise Loop (No Fade),DEPI82323735,DEPI8,Unknown (DEPI8)
6bo3atMVp3qFECNALVwq9N,Relaxing White Noise,0Mmjp2MnHdrnBIsYifZdy6,Fan Noise for Sleeping,2023-11-17,3ePeOkaKStvdeQfal8AqJ9,Box Fan Sleep Sounds White Noise Fall Asleep & Stay Sleeping All Night Loop (No Fade),DEPI82323737,DEPI8,Unknown (DEPI8)
6bo3atMVp3qFECNALVwq9N,Relaxing White Noise,0Mmjp2MnHdrnBIsYifZdy6,Fan Noise for Sleeping,2023-11-17,70IFJc26qBhZqjlkqHiJp9,Fall Asleep to Box Fan White Noise Relaxing Sleep Sounds Loop (No Fade),DEPI82323738,DEPI8,Unknown (DEPI8)
6bo3atMVp3qFECNALVwq9N,Relaxing White Noise,5vUTQeOfS2wqxaKGssgAOh,Space Sounds,2023-11-24,0BmdMC7ThTZZUs8sUJmaKX,Space Sounds for Sleep or Studying White Noise Spaceship Ambience Loop (No Fade),DEPI82323772,DEPI8,Unknown (DEPI8)
6bo3atMVp3qFECNALVwq9N,Relaxing White Noise,5vUTQeOfS2wqxaKGssgAOh,Space Sounds,2023-11-24,6NI9wcb7jaPwdlJhbX2skt,"May the Sleep Be with You Spaceship Sound White Noise for Sleeping, Relaxation or Studying Loop (No Fade)",DEPI82323778,DEPI8,Unknown (DEPI8)
6bo3atMVp3qFECNALVwq9N,Relaxing White Noise,5vUTQeOfS2wqxaKGssgAOh,Space Sounds,2023-11-24,3yvCzplrBr2D85JV62uDvX,Fall Asleep in Spaceship Bedroom Space White Noise for Sleep Loop (No Fade),DEPI82323780,DEPI8,Unknown (DEPI8)
6bo3atMVp3qFECNALVwq9N,Relaxing White Noise,5vUTQeOfS2wqxaKGssgAOh,Space Sounds,2023-11-24,0CG9TfG9HkwAcJwJZOdMr1,"Spaceship Bedroom White Noise Sleep, Study, Focus Loop (No Fade)",DEPI82323776,DEPI8,Unknown (DEPI8)
6bo3atMVp3qFECNALVwq9N,Relaxing White Noise,5vUTQeOfS2wqxaKGssgAOh,Space Sounds,2023-11-24,2BxSLQe8Fk3r66yiYioUPF,Deep White Noise Space Sleep Sound Spaceship Ambience Loop (No Fade),DEPI82323777,DEPI8,Unknown (DEPI8)
6bo3atMVp3qFECNALVwq9N,Relaxing White Noise,5vUTQeOfS2wqxaKGssgAOh,Space Sounds,2023-11-24,1gVbB5zWhPM2p8uVqq6jJR,"Starship White Noise Sleep, Study, Focus Spaceship Lounge Sound Loop (No Fade)",DEPI82323773,DEPI8,Unknown (DEPI8)
6bo3atMVp3qFECNALVwq9N,Relaxing White Noise,5vUTQeOfS2wqxaKGssgAOh,Space Sounds,2023-11-24,0Skma8CcRN0YWJ9PCFEVmE,"Starliner Cruise White Noise Sleep, Study or Focus with Spaceship Sounds Loop (No Fade)",DEPI82323779,DEPI8,Unknown (DEPI8)
6bo3atMVp3qFECNALVwq9N,Relaxing White Noise,5vUTQeOfS2wqxaKGssgAOh,Space Sounds,2023-11-24,6LSzjYlw3nj8EjnKv8f0vG,"Hyperspace White Noise Spaceship Sounds for Sleep, Studying or Focus Loop (No Fade)",DEPI82323774,DEPI8,Unknown (DEPI8)
6bo3atMVp3qFECNALVwq9N,Relaxing White Noise,5vUTQeOfS2wqxaKGssgAOh,Space Sounds,2023-11-24,6ryFt14PtUUEzUrbQWSpvd,Deep White Noise Spaceship Sounds for Sleeping Starship Bedroom Loop (No Fade),DEPI82323775,DEPI8,Unknown (DEPI8)
6bo3atMVp3qFECNALVwq9N,Relaxing White Noise,5vUTQeOfS2wqxaKGssgAOh,Space Sounds,2023-11-24,6xht3pHr9bTvrh0ROtzfgc,White Noise for Sleeping Super Soothing Space Sounds! Loop (No Fade),DEPI82323781,DEPI8,Unknown (DEPI8)
6bo3atMVp3qFECNALVwq9N,Relaxing White Noise,3gsOfRghpKjz1Dq0LNkjb9,Ocean Waves Relaxation,2023-12-01,70fNppUSuAL7xPJDdHEPEK,Ocean Waves White Noise for Sleeping Loop (No Fade),DEPI82323761,DEPI8,Unknown (DEPI8)
6bo3atMVp3qFECNALVwq9N,Relaxing White Noise,3gsOfRghpKjz1Dq0LNkjb9,Ocean Waves Relaxation,2023-12-01,080nOdSRn4AF83kbrN06mu,"Rain Sounds & Ocean Waves White Noise for Sleeping, Studying, Relaxation Loop (No Fade)",DEPI82323764,DEPI8,Unknown (DEPI8)
6bo3atMVp3qFECNALVwq9N,Relaxing White Noise,3gsOfRghpKjz1Dq0LNkjb9,Ocean Waves Relaxation,2023-12-01,0i5cxm33BTjxLamHuMiEKA,Ocean Sounds for Studying or Working Focus with Crashing Waves Loop (No Fade),DEPI82323767,DEPI8,Unknown (DEPI8)
6bo3atMVp3qFECNALVwq9N,Relaxing White Noise,3gsOfRghpKjz1Dq0LNkjb9,Ocean Waves Relaxation,2023-12-01,2L3hS4yDlipahlupl6vAwA,Ocean Waves on Rocky Shores Water Ambience Loop (No Fade),DEPI82323768,DEPI8,Unknown (DEPI8)
6bo3atMVp3qFECNALVwq9N,Relaxing White Noise,3gsOfRghpKjz1Dq0LNkjb9,Ocean Waves Relaxation,2023-12-01,2Br2wpdRLuBo8IdvxspJua,Ocean Sounds for Sleep White Noise of Waves Crashing on Beach Loop (No Fade),DEPI82323763,DEPI8,Unknown (DEPI8)
6bo3atMVp3qFECNALVwq9N,Relaxing White Noise,3gsOfRghpKjz1Dq0LNkjb9,Ocean Waves Relaxation,2023-12-01,5pPWTUKb46vDUijXDF6GTm,Oceanside Restaurant Ambience Relax with Water Sounds Loop (No Fade),DEPI82323770,DEPI8,Unknown (DEPI8)
6bo3atMVp3qFECNALVwq9N,Relaxing White Noise,3gsOfRghpKjz1Dq0LNkjb9,Ocean Waves Relaxation,2023-12-01,2CZgn10qjsOcdN8JdyCPNe,Relax! Ocean Waves Seaside Ambience for Stress Relief White Noise Surf Sounds in Hawaii Loop (No Fade),DEPI82323762,DEPI8,Unknown (DEPI8)
6bo3atMVp3qFECNALVwq9N,Relaxing White Noise,3gsOfRghpKjz1Dq0LNkjb9,Ocean Waves Relaxation,2023-12-01,26rMWWpeGlTDybToXirvnf,Sleep to Big Ocean Waves Crashing Stormy White Noise Water Sounds Loop (No Fade),DEPI82323766,DEPI8,Unknown (DEPI8)
6bo3atMVp3qFECNALVwq9N,Relaxing White Noise,3gsOfRghpKjz1Dq0LNkjb9,Ocean Waves Relaxation,2023-12-01,42LiWJYNMephW7tp5SbwLh,"Rain Sounds for Sleeping, Studying or Focus with Ocean Waves White Noise Loop (No Fade)",DEPI82323765,DEPI8,Unknown (DEPI8)
6bo3atMVp3qFECNALVwq9N,Relaxing White Noise,3gsOfRghpKjz1Dq0LNkjb9,Ocean Waves Relaxation,2023-12-01,5GaJGINSVbacg4V8Bo4cNo,Beach Waves & Beautiful Views Ocean Ambience Loop (No Fade),DEPI82323769,DEPI8,Unknown (DEPI8)
6bo3atMVp3qFECNALVwq9N,Relaxing White Noise,1KOpJp2PC2c2RsJrCJ3YW1,Nature Sounds for Study,2023-12-08,0u0l4ezLE69Ug8spIP5ElU,"Rain Sounds + Stream for Sleep, Focus, Studying White Noise Loop (No Fade)",DEPI82324742,DEPI8,Unknown (DEPI8)
6bo3atMVp3qFECNALVwq9N,Relaxing White Noise,1KOpJp2PC2c2RsJrCJ3YW1,Nature Sounds for Study,2023-12-08,15CNXL8yYMdiOTqwVaR36d,"Rain + Deep Thunder Nature Sounds Relax, Study or Sleep with White Noise Loop (No Fade)",DEPI82324743,DEPI8,Unknown (DEPI8)
6bo3atMVp3qFECNALVwq9N,Relaxing White Noise,1KOpJp2PC2c2RsJrCJ3YW1,Nature Sounds for Study,2023-12-08,7y07V585SllXKxr51mwalh,"Roaring Waterfall White Noise Study, Relax or Sleep with Relaxing Water Sounds Loop (No Fade)",DEPI82324744,DEPI8,Unknown (DEPI8)
6bo3atMVp3qFECNALVwq9N,Relaxing White Noise,1KOpJp2PC2c2RsJrCJ3YW1,Nature Sounds for Study,2023-12-08,5c4rqHuswcWfci33awsrSb,Rain on Roof White Noise Study or Sleep with Portland Rainstorm Sounds Loop (No Fade),DEPI82324745,DEPI8,Unknown (DEPI8)
6bo3atMVp3qFECNALVwq9N,Relaxing White Noise,1KOpJp2PC2c2RsJrCJ3YW1,Nature Sounds for Study,2023-12-08,7n4nz8Et8nqrl42MggUl2W,Ocean Waves Study Sound Nature White Noise Loop (No Fade),DEPI82324746,DEPI8,Unknown (DEPI8)
6bo3atMVp3qFECNALVwq9N,Relaxing White Noise,1KOpJp2PC2c2RsJrCJ3YW1,Nature Sounds for Study,2023-12-08,0ghLvkDTJ2hbTyJRBD08fW,"Bamboo Forest Wind Sounds White Noise for Studying, Sleeping, Relaxation Loop (No Fade)",DEPI82324747,DEPI8,Unknown (DEPI8)
6bo3atMVp3qFECNALVwq9N,Relaxing White Noise,1KOpJp2PC2c2RsJrCJ3YW1,Nature Sounds for Study,2023-12-08,02BO1G6u0ebMjKfZNamENe,Can't Focus? Block out Distractions with Relaxing Rain Sounds! Loop (No Fade),DEPI82324748,DEPI8,Unknown (DEPI8)
6bo3atMVp3qFECNALVwq9N,Relaxing White Noise,1KOpJp2PC2c2RsJrCJ3YW1,Nature Sounds for Study,2023-12-08,3pL0tSDdxeznJyYM4VmjEx,"Waterfall Sounds White Noise for Sleep, Focus, Studying Loop (No Fade)",DEPI82324749,DEPI8,Unknown (DEPI8)
6bo3atMVp3qFECNALVwq9N,Relaxing White Noise,1KOpJp2PC2c2RsJrCJ3YW1,Nature Sounds for Study,2023-12-08,5SKkivHhUTGLbOLroKOej2,Cover up Distractions While Studying with Wind Sounds White Noise Loop (No Fade),DEPI82324750,DEPI8,Unknown (DEPI8)
6bo3atMVp3qFECNALVwq9N,Relaxing White Noise,1KOpJp2PC2c2RsJrCJ3YW1,Nature Sounds for Study,2023-12-08,2w0W6AyZbt1e84Yveqp716,Australian Water White Noise to Study & Concentrate River in Ancient Forest Loop (No Fade),DEPI82324751,DEPI8,Unknown (DEPI8)
6bo3atMVp3qFECNALVwq9N,Relaxing White Noise,7L7qB6DsT9C6p2auMSnZvv,Baby Sleep White Noise,2023-12-15,2J2mlGphbDerFQLyHapLWO,White Noise for Your Baby Sleep Sounds for Infants Loop (No Fade),DEPI82324761,DEPI8,Unknown (DEPI8)
6bo3atMVp3qFECNALVwq9N,Relaxing White Noise,7L7qB6DsT9C6p2auMSnZvv,Baby Sleep White Noise,2023-12-15,4XquXSDrisjgUDhoVSQo3a,Calming Brown Noise for Crying Babies Sleeping Sounds Help Baby Sleep Soothe Infant with Colic Loop (No Fade),DEPI82324760,DEPI8,Unknown (DEPI8)
6bo3atMVp3qFECNALVwq9N,Relaxing White Noise,7L7qB6DsT9C6p2auMSnZvv,Baby Sleep White Noise,2023-12-15,2XMHNpo8wJJqJNxK84x6lv,Crying Baby Sleeps to White Noise Soothe Colicky Infant with Sleep Sounds Loop (No Fade),DEPI82324759,DEPI8,Unknown (DEPI8)
6bo3atMVp3qFECNALVwq9N,Relaxing White Noise,7L7qB6DsT9C6p2auMSnZvv,Baby Sleep White Noise,2023-12-15,4eP1x1qHrEDF61xiqFRcsT,"Put Baby to Sleep with Fan Sound White Noise Soothe Crying, Colicky Infant Loop (No Fade)",DEPI82324758,DEPI8,Unknown (DEPI8)
6bo3atMVp3qFECNALVwq9N,Relaxing White Noise,7L7qB6DsT9C6p2auMSnZvv,Baby Sleep White Noise,2023-12-15,6tvEn5Ja6Atk3z48sshsev,Soothe Baby & Help Infant Sleep with White Noise for Babies Loop (No Fade),DEPI82324757,DEPI8,Unknown (DEPI8)
6bo3atMVp3qFECNALVwq9N,Relaxing White Noise,7L7qB6DsT9C6p2auMSnZvv,Baby Sleep White Noise,2023-12-15,1jW9lS7hWVYxqndkDlVQyt,"White Noise for Babies All Night Sleep Sounds Soothe Crying, Colicky Infant Loop (No Fade)",DEPI82324756,DEPI8,Unknown (DEPI8)
6bo3atMVp3qFECNALVwq9N,Relaxing White Noise,7L7qB6DsT9C6p2auMSnZvv,Baby Sleep White Noise,2023-12-15,3AdIR7MX7hbxe1GLqZX7bX,White Noise for Babies Soothe Colicky Infant to Sleep Loop (No Fade),DEPI82324755,DEPI8,Unknown (DEPI8)
6bo3atMVp3qFECNALVwq9N,Relaxing White Noise,7L7qB6DsT9C6p2auMSnZvv,Baby Sleep White Noise,2023-12-15,4XDKr9zQZW3sshwRMWwEsg,Soothe a Colicky Baby with White Noise Sleep Sound for Infants Loop (No Fade),DEPI82324754,DEPI8,Unknown (DEPI8)
6bo3atMVp3qFECNALVwq9N,Relaxing White Noise,7L7qB6DsT9C6p2auMSnZvv,Baby Sleep White Noise,2023-12-15,6vTHLiBFtmHYqGtkjRJJpA,"Baby Sleep Sounds to Soothe Crying, Colicky Infant White Noise Loop (No Fade)",DEPI82324753,DEPI8,Unknown (DEPI8)
6bo3atMVp3qFECNALVwq9N,Relaxing White Noise,7L7qB6DsT9C6p2auMSnZvv,Baby Sleep White Noise,2023-12-15,3aAzSxHlbQatDNJ0FmJ6w3,Baby Sleep Sounds White Noise Helps Infant Fall Asleep and Remain Sleeping All Night Loop (No Fade),DEPI82324752,DEPI8,Unknown (DEPI8)
6bo3atMVp3qFECNALVwq9N,Relaxing White Noise,13MaSpz3eH02Flo0wxRXzN,Airplane White Noise,2023-12-22,7i147nuNHtqpTUofCgwJXA,"Jet Engine Airplane White Noise Calming Flight Sounds for Studying, Focus or Sleep Loop (No Fade)",DEPI82324769,DEPI8,Unknown (DEPI8)
6bo3atMVp3qFECNALVwq9N,Relaxing White Noise,13MaSpz3eH02Flo0wxRXzN,Airplane White Noise,2023-12-22,0LJVHDhlmHraFDJn53hfKk,"White Noise Airplane Sleep, Study or Focus with Jet Cabin Sound Loop (No Fade)",DEPI82324772,DEPI8,Unknown (DEPI8)
6bo3atMVp3qFECNALVwq9N,Relaxing White Noise,13MaSpz3eH02Flo0wxRXzN,Airplane White Noise,2023-12-22,3cStQ5XqZEw9mrR2gGjOZp,Airplane White Noise for Deep Sleep Loop (No Fade),DEPI82324773,DEPI8,Unknown (DEPI8)
6bo3atMVp3qFECNALVwq9N,Relaxing White Noise,13MaSpz3eH02Flo0wxRXzN,Airplane White Noise,2023-12-22,6kqxNtfDJjon3T7JLgKSOl,Luxury Jet White Noise to Sleep Relax on Private Night Flight! Loop (No Fade),DEPI82324763,DEPI8,Unknown (DEPI8)
6bo3atMVp3qFECNALVwq9N,Relaxing White Noise,13MaSpz3eH02Flo0wxRXzN,Airplane White Noise,2023-12-22,4QZWQMeld3QozHK8lBJBX6,Airplane Sleep Sounds White Noise Jetliner Plane Flight for Sleeping Relaxation Loop (No Fade),DEPI82324767,DEPI8,Unknown (DEPI8)
6bo3atMVp3qFECNALVwq9N,Relaxing White Noise,13MaSpz3eH02Flo0wxRXzN,Airplane White Noise,2023-12-22,24bxESYWT6yvVxOgPAdynS,Airplane White Noise Sleep Sounds Dreamliner Jet Engine Ambience Loop (No Fade),DEPI82324762,DEPI8,Unknown (DEPI8)
6bo3atMVp3qFECNALVwq9N,Relaxing White Noise,13MaSpz3eH02Flo0wxRXzN,Airplane White Noise,2023-12-22,0rC7UsDzafvi4XcmMhbaSf,"Improve Focus with White Noise Jet Sound Study Better, Concentrate, Do Homework Loop (No Fade)",DEPI82324770,DEPI8,Unknown (DEPI8)
6bo3atMVp3qFECNALVwq9N,Relaxing White Noise,13MaSpz3eH02Flo0wxRXzN,Airplane White Noise,2023-12-22,1wrbfqzMn21djsggVr8Whw,Fall Asleep on This Private Jet Airplane White Noise for Sleep Loop (No Fade),DEPI82324768,DEPI8,Unknown (DEPI8)
6bo3atMVp3qFECNALVwq9N,Relaxing White Noise,13MaSpz3eH02Flo0wxRXzN,Airplane White Noise,2023-12-22,2KUZxg6MtCHMaYoHNAZQ4g,Airplane White Noise to Sleep Private Jet Night Flight Loop (No Fade),DEPI82324771,DEPI8,Unknown (DEPI8)
6bo3atMVp3qFECNALVwq9N,Relaxing White Noise,13MaSpz3eH02Flo0wxRXzN,Airplane White Noise,2023-12-22,7DNA0UY6SIL0DabG8XjCzq,"Plane Noise for Sleeping Airplane Sounds Also Help with Focus, Studying White Noise Loop (No Fade)",DEPI82324766,DEPI8,Unknown (DEPI8)
6bo3atMVp3qFECNALVwq9N,Relaxing White Noise,1dF0NCqUXkwm6IJQoQFINM,Rain & Thunder Sounds for Sleep,2023-12-29,1QTI0el8jn6FXfTbu8tuAi,All the Rain & Thunder Rainstorm White Noise for Sleep Loop (No Fade),DEPI82325220,DEPI8,Unknown (DEPI8)
6bo3atMVp3qFECNALVwq9N,Relaxing White Noise,1dF0NCqUXkwm6IJQoQFINM,Rain & Thunder Sounds for Sleep,2023-12-29,0GYThExHgoCX0LzaGVSMi9,Thunder & Rain Sounds for Sleeping or Studying Loop (No Fade),DEPI82325221,DEPI8,Unknown (DEPI8)
6bo3atMVp3qFECNALVwq9N,Relaxing White Noise,1dF0NCqUXkwm6IJQoQFINM,Rain & Thunder Sounds for Sleep,2023-12-29,0oIVVmteWxEfxVh241UvNa,Thunderstorm & Ocean Waves White Noise Fall Asleep with Thunder + Water Sounds Loop (No Fade),DEPI82325222,DEPI8,Unknown (DEPI8)
6bo3atMVp3qFECNALVwq9N,Relaxing White Noise,1dF0NCqUXkwm6IJQoQFINM,Rain & Thunder Sounds for Sleep,2023-12-29,5GE1OG7FeysLYZG7MgdzOz,Your Moment of Relaxation Rolling Thunder Sounds & Rainstorm at Oceanside Mansion Loop (No Fade),DEPI82325223,DEPI8,Unknown (DEPI8)
6bo3atMVp3qFECNALVwq9N,Relaxing White Noise,1dF0NCqUXkwm6IJQoQFINM,Rain & Thunder Sounds for Sleep,2023-12-29,7uoguszWDRMY5TCfbjgnky,"Rain Sounds on Window with Thunder for Studying, Sleeping, Focus White Noise Loop (No Fade)",DEPI82325224,DEPI8,Unknown (DEPI8)
6bo3atMVp3qFECNALVwq9N,Relaxing White Noise,1dF0NCqUXkwm6IJQoQFINM,Rain & Thunder Sounds for Sleep,2023-12-29,2myKMMYIXwyZncZErOcHbS,Rain & Crackling Thunder Cozy Living Room Ambience Loop (No Fade),DEPI82325225,DEPI8,Unknown (DEPI8)
6bo3atMVp3qFECNALVwq9N,Relaxing White Noise,1dF0NCqUXkwm6IJQoQFINM,Rain & Thunder Sounds for Sleep,2023-12-29,5vvNwrgsnI0PvnQs0mRfZ5,Rainforest Thunderstorm Sounds for Sleep Rain and Thunder Ambience Loop (No Fade),DEPI82325226,DEPI8,Unknown (DEPI8)
6bo3atMVp3qFECNALVwq9N,Relaxing White Noise,1dF0NCqUXkwm6IJQoQFINM,Rain & Thunder Sounds for Sleep,2023-12-29,1O8hIwB46HidI5uFV0vvj6,Heavy Rain + Rolling Thunder Soothing Thunderstorm Ambience in the Mountains Loop (No Fade),DEPI82325227,DEPI8,Unknown (DEPI8)
6bo3atMVp3qFECNALVwq9N,Relaxing White Noise,1dF0NCqUXkwm6IJQoQFINM,Rain & Thunder Sounds for Sleep,2023-12-29,2DcJRDSim5P6PBn8GzJprL,Massive Thunderstorm Sounds for Sleeping Rain Noise at Medieval Abbey Loop (No Fade),DEPI82325228,DEPI8,Unknown (DEPI8)
6bo3atMVp3qFECNALVwq9N,Relaxing White Noise,1dF0NCqUXkwm6IJQoQFINM,Rain & Thunder Sounds for Sleep,2023-12-29,77T2Q2DbhSfgSYNg6YPkS6,Only Happy When It Rains (With Thunder) Rain Sounds White Noise for Sleeping or Studying Loop [No Fade],DEPI82325229,DEPI8,Unknown (DEPI8)
6bo3atMVp3qFECNALVwq9N,Relaxing White Noise,4TeLmjT942Tdpwo0Q0l7FM,White Noise for Studying,2024-01-12,7EuYTCIB0LLhG6dTmGgATU,"Focus Mind White Noise Study Sound for Concentration, Homework, Exam Prep Loop (No Fade)",DEPI82325381,DEPI8,Unknown (DEPI8)
6bo3atMVp3qFECNALVwq9N,Relaxing White Noise,4TeLmjT942Tdpwo0Q0l7FM,White Noise for Studying,2024-01-12,5qV4QqHbfXEw3C03KDpYmg,"Study Sound White Noise for Focus, Concentration, Studying, Homework Loop (No Fade)",DEPI82325455,DEPI8,Unknown (DEPI8)
6bo3atMVp3qFECNALVwq9N,Relaxing White Noise,4TeLmjT942Tdpwo0Q0l7FM,White Noise for Studying,2024-01-12,6AG924GeRY5VBaAepxkTuF,Study Better with White Noise Achieve Focus and Get Homework Done. Loop (No Fade),DEPI82325456,DEPI8,Unknown (DEPI8)
6bo3atMVp3qFECNALVwq9N,Relaxing White Noise,4TeLmjT942Tdpwo0Q0l7FM,White Noise for Studying,2024-01-12,34pGMgfZZeMPP2VYg9MmDd,"White Noise for Studying or Work from Home Helps with Focus, Concentration Loop (No Fade)",DEPI82325459,DEPI8,Unknown (DEPI8)
6bo3atMVp3qFECNALVwq9N,Relaxing White Noise,4TeLmjT942Tdpwo0Q0l7FM,White Noise for Studying,2024-01-12,2Sr8tcxnHbIiBS95PqW5wA,"Study with White Noise Focus Ambience for Homework, Reading or Test Prep Loop (No Fade)",DEPI82325460,DEPI8,Unknown (DEPI8)
6bo3atMVp3qFECNALVwq9N,Relaxing White Noise,4TeLmjT942Tdpwo0Q0l7FM,White Noise for Studying,2024-01-12,0wBrI67eaxRI8clbnvSmVe,Brain Power White Noise Loop (No Fade),DEPI82325614,DEPI8,Unknown (DEPI8)
6bo3atMVp3qFECNALVwq9N,Relaxing White Noise,4TeLmjT942Tdpwo0Q0l7FM,White Noise for Studying,2024-01-12,2ltYExhkGxXgC12Dzv68F7,"White Noise Sleep Sound Machine Also for Focus, Homework, Studying Loop (No Fade)",DEPI82325615,DEPI8,Unknown (DEPI8)
6bo3atMVp3qFECNALVwq9N,Relaxing White Noise,4TeLmjT942Tdpwo0Q0l7FM,White Noise for Studying,2024-01-12,7cKLh1ojc0GOs9g1GK7SqA,Starry Night White Noise Sleep Sounds Loop (No Fade),DEPI82325618,DEPI8,Unknown (DEPI8)
6bo3atMVp3qFECNALVwq9N,Relaxing White Noise,4TeLmjT942Tdpwo0Q0l7FM,White Noise for Studying,2024-01-12,4IuZFTOt6h5Xl9p1e3xdel,"Study Aid White Noise Focus on Homework, Studying, Reading or Writing Essays Loop (No Fade)",DEPI82325616,DEPI8,Unknown (DEPI8)
6bo3atMVp3qFECNALVwq9N,Relaxing White Noise,4TeLmjT942Tdpwo0Q0l7FM,White Noise for Studying,2024-01-12,5ELNMKbGK3XqFuR4v7ZPmB,Crush Your Study Session with White Noise Loop (No Fade),DEPI82325617,DEPI8,Unknown (DEPI8)
6bo3atMVp3qFECNALVwq9N,Relaxing White Noise,4doGVTMme2GD3aDpc8VV3X,Sleep with White Noise,2024-01-19,6TEj9hJfrqnHWjrcJKsciB,"Powerful White Noise Sound Helps You Sleep, Study or Focus Loop (No Fade)",DEPI82325382,DEPI8,Unknown (DEPI8)
6bo3atMVp3qFECNALVwq9N,Relaxing White Noise,4doGVTMme2GD3aDpc8VV3X,Sleep with White Noise,2024-01-19,485ETdhb1e571Mky73qJQu,Sleep Well! White Noise Sound to Help You Fall Asleep Loop (No Fade),DEPI82325748,DEPI8,Unknown (DEPI8)
6bo3atMVp3qFECNALVwq9N,Relaxing White Noise,4doGVTMme2GD3aDpc8VV3X,Sleep with White Noise,2024-01-19,2u2vK1f0Jf5YLZBUmUgrUo,"Good Night World, Sleep Well White Noise Sound Loop (No Fade)",DEPI82325749,DEPI8,Unknown (DEPI8)
6bo3atMVp3qFECNALVwq9N,Relaxing White Noise,4doGVTMme2GD3aDpc8VV3X,Sleep with White Noise,2024-01-19,3sawlIAnyWbB5c6bRqAdVX,White Noise Sleep Sounds Machine Loop (No Fade),DEPI82325750,DEPI8,Unknown (DEPI8)
6bo3atMVp3qFECNALVwq9N,Relaxing White Noise,4doGVTMme2GD3aDpc8VV3X,Sleep with White Noise,2024-01-19,4XZVX39lk7ZPu6U2jC0sUx,Fall Asleep to Soothing White Noise for Better Sleep Loop (No Fade),DEPI82325383,DEPI8,Unknown (DEPI8)
6bo3atMVp3qFECNALVwq9N,Relaxing White Noise,4doGVTMme2GD3aDpc8VV3X,Sleep with White Noise,2024-01-19,78UoyOKBtC8YoiCqGjVon7,Powerful Mind Hack for Deep Sleep White Noise Sound Masking Loop (No Fade),DEPI82325751,DEPI8,Unknown (DEPI8)
6bo3atMVp3qFECNALVwq9N,Relaxing White Noise,4doGVTMme2GD3aDpc8VV3X,Sleep with White Noise,2024-01-19,7lcOje1w0K0yh4p3pUDG3V,Organic White Noise for Sleeping Loop (No Fade),DEPI82325752,DEPI8,Unknown (DEPI8)
6bo3atMVp3qFECNALVwq9N,Relaxing White Noise,4doGVTMme2GD3aDpc8VV3X,Sleep with White Noise,2024-01-19,3xDwX2JgWAmhrcunT5hunp,White Noise for Sleep & Starry Nights out in the Desert Loop (No Fade),DEPI82325753,DEPI8,Unknown (DEPI8)
6bo3atMVp3qFECNALVwq9N,Relaxing White Noise,4doGVTMme2GD3aDpc8VV3X,Sleep with White Noise,2024-01-19,4nsuXTrhLdeo0u3HUYVCbR,Lunar White Noise Sleep Sound Loop (No Fade),DEPI82325747,DEPI8,Unknown (DEPI8)
6bo3atMVp3qFECNALVwq9N,Relaxing White Noise,4doGVTMme2GD3aDpc8VV3X,Sleep with White Noise,2024-01-19,4l3tJicEPlZ4T6yajjhT4F,White Noise for Sleeping Soaring Through the Skies! Loop (No Fade),DEPI82325755,DEPI8,Unknown (DEPI8)
6bo3atMVp3qFECNALVwq9N,Relaxing White Noise,2ZlzlO8OcKfDguvLam6jFo,Relaxing Sounds for Sleep,2024-01-26,6VWCB6pvo843xSE6u5wdy9,"Peaceful Waterfall Sounds White Noise for Sleep, Relaxation Loop (No Fade)",DEPI82402052,DEPI8,Unknown (DEPI8)
6bo3atMVp3qFECNALVwq9N,Relaxing White Noise,2ZlzlO8OcKfDguvLam6jFo,Relaxing Sounds for Sleep,2024-01-26,50I4wQqrKI5CRfkeAqnA7B,White Noise Sounds for Sleeping Under Northern Lights Loop (No Fade),DEPI82402053,DEPI8,Unknown (DEPI8)
6bo3atMVp3qFECNALVwq9N,Relaxing White Noise,2ZlzlO8OcKfDguvLam6jFo,Relaxing Sounds for Sleep,2024-01-26,7JzseHaIJvzp1iJYg8VrDH,"White Noise Focus Better at Work, Studying, Writing or on Homework Loop (No Fade)",DEPI82402054,DEPI8,Unknown (DEPI8)
6bo3atMVp3qFECNALVwq9N,Relaxing White Noise,2ZlzlO8OcKfDguvLam6jFo,Relaxing Sounds for Sleep,2024-01-26,046M7zQZ3BnaskkBVpRYht,"Forest River Peaceful Sounds for Relaxation, Sleep or Studying White Noise Nature Loop (No Fade)",DEPI82402055,DEPI8,Unknown (DEPI8)
6bo3atMVp3qFECNALVwq9N,Relaxing White Noise,2ZlzlO8OcKfDguvLam6jFo,Relaxing Sounds for Sleep,2024-01-26,3g5u1mrivEYXI60MlYVjAg,First Class Sleeping Quarters Sleep to 8 Hour Airplane White Noise Loop (No Fade),DEPI82402056,DEPI8,Unknown (DEPI8)
6bo3atMVp3qFECNALVwq9N,Relaxing White Noise,2ZlzlO8OcKfDguvLam6jFo,Relaxing Sounds for Sleep,2024-01-26,57MlmG6Bag7LEUKZ9DZrCh,"Relaxing Water Sounds Mountain River to Help You Sleep, Study or for Stress Relief Loop (No Fade)",DEPI82402082,DEPI8,Unknown (DEPI8)
6bo3atMVp3qFECNALVwq9N,Relaxing White Noise,2ZlzlO8OcKfDguvLam6jFo,Relaxing Sounds for Sleep,2024-01-26,1Of1PLx3gO4lB37Y3K1OMG,White Noise to Help You Sleep Midnight Meteor Shower Loop (No Fade),DEPI82402084,DEPI8,Unknown (DEPI8)
6bo3atMVp3qFECNALVwq9N,Relaxing White Noise,2ZlzlO8OcKfDguvLam6jFo,Relaxing Sounds for Sleep,2024-01-26,5fyRgRAQwNYPcclio7rlc3,"White Noise Waterfall for Sleep, Focus, Studying Water Sounds. Loop (No Fade)",DEPI82402085,DEPI8,Unknown (DEPI8)
6bo3atMVp3qFECNALVwq9N,Relaxing White Noise,2ZlzlO8OcKfDguvLam6jFo,Relaxing Sounds for Sleep,2024-01-26,0p3PvcWt9QUdk1l53yW6iN,Winter Wind Sounds for Sleeping Storm White Noise Loop (No Fade),DEPI82402086,DEPI8,Unknown (DEPI8)
6bo3atMVp3qFECNALVwq9N,Relaxing White Noise,2ZlzlO8OcKfDguvLam6jFo,Relaxing Sounds for Sleep,2024-01-26,3RlPTKCL9mVEjsHCMWXzIb,"Peaceful Waterfall Sound White Noise for Relaxation, Studying, Focus or Sleep Loop (No Fade)",DEPI82402087,DEPI8,Unknown (DEPI8)
6bo3atMVp3qFECNALVwq9N,Relaxing White Noise,6tzWen7IDujnQT9KkOiPrn,Relaxing Fan White Noise,2024-02-09,2rcOc9fTNIWG1YviqZcL70,"Box Fan White Noise for Sleep, Relaxation or Studying Loop (No Fade)",DEPI82403571,DEPI8,Unknown (DEPI8)
6bo3atMVp3qFECNALVwq9N,Relaxing White Noise,6tzWen7IDujnQT9KkOiPrn,Relaxing Fan White Noise,2024-02-09,0Lf1KIoiewVBsuttAHfJfR,"Oscillating Fan Sounds for Sleep, Studying or Concentration Loop (No Fade)",DEPI82403574,DEPI8,Unknown (DEPI8)
6bo3atMVp3qFECNALVwq9N,Relaxing White Noise,6tzWen7IDujnQT9KkOiPrn,Relaxing Fan White Noise,2024-02-09,5E5rYW7Goz2igoETuoOu1n,Babies Sleep to Fan Sounds! Soothe Your Baby with Fan White Noise Loop (No Fade),DEPI82403575,DEPI8,Unknown (DEPI8)
6bo3atMVp3qFECNALVwq9N,Relaxing White Noise,6tzWen7IDujnQT9KkOiPrn,Relaxing Fan White Noise,2024-02-09,2iCrSz75nkovjI1luOpM0X,Ceiling Fan Noise for Sleeping or Studying Loop (No Fade),DEPI82403579,DEPI8,Unknown (DEPI8)
6bo3atMVp3qFECNALVwq9N,Relaxing White Noise,6tzWen7IDujnQT9KkOiPrn,Relaxing Fan White Noise,2024-02-09,54lmshryquzPeJVotAnPWD,Cuddle up & Fall Asleep with Heater Ambience Loop (No Fade),DEPI82403584,DEPI8,Unknown (DEPI8)
6bo3atMVp3qFECNALVwq9N,Relaxing White Noise,6tzWen7IDujnQT9KkOiPrn,Relaxing Fan White Noise,2024-02-09,6VfRNRaPobaCjlNKgwRU2r,Fan Sounds to Blow You Away! Fan White Noise for Sleeping Loop (No Fade),DEPI82403585,DEPI8,Unknown (DEPI8)
6bo3atMVp3qFECNALVwq9N,Relaxing White Noise,6tzWen7IDujnQT9KkOiPrn,Relaxing Fan White Noise,2024-02-09,2MarUMz7H4yi8ANxiIKRJu,"Fan & Rain Sounds Sleep, Study, Focus or Relax with White Noise Loop (No Fade)",DEPI82403589,DEPI8,Unknown (DEPI8)
6bo3atMVp3qFECNALVwq9N,Relaxing White Noise,6tzWen7IDujnQT9KkOiPrn,Relaxing Fan White Noise,2024-02-09,30kjkErhOa2mqidRh4hmt7,Fan-Tastic Fan White Noise for Sleep & Relaxation Loop (No Fade),DEPI82403592,DEPI8,Unknown (DEPI8)
6bo3atMVp3qFECNALVwq9N,Relaxing White Noise,6tzWen7IDujnQT9KkOiPrn,Relaxing Fan White Noise,2024-02-09,5RbA1X5w9RpRbpcFb9j7i1,Humidifier Fan Noise for Sleep & Relaxation Loop (No Fade),DEPI82403593,DEPI8,Unknown (DEPI8)
6bo3atMVp3qFECNALVwq9N,Relaxing White Noise,6tzWen7IDujnQT9KkOiPrn,Relaxing Fan White Noise,2024-02-09,3U1BcjdM0qsvNYILXvmENC,Fan Noise & Rain Sounds to Sleep Relaxing Ambience Loop (No Fade),DEPI82403597,DEPI8,Unknown (DEPI8)
6bo3atMVp3qFECNALVwq9N,Relaxing White Noise,3zbVVYrv9aKyNlGuh4HN19,Nature Sounds for Relaxation,2024-02-23,4F8MAjxRYW1UQlqiR8uSdx,"Campfire + Ocean Waves (Loop, No Fade)",DEPI82403642,DEPI8,Unknown (DEPI8)
6bo3atMVp3qFECNALVwq9N,Relaxing White Noise,3zbVVYrv9aKyNlGuh4HN19,Nature Sounds for Relaxation,2024-02-23,6Ws5nMLJ1hcCGssYq2vP1i,"Relaxing Rain in a Park (Loop, No Fade)",DEPI82403643,DEPI8,Unknown (DEPI8)
6bo3atMVp3qFECNALVwq9N,Relaxing White Noise,3zbVVYrv9aKyNlGuh4HN19,Nature Sounds for Relaxation,2024-02-23,1KgHwgb955lGcxlYW1WF06,"Rushing River White Noise for Relaxation (Loop, No Fade)",DEPI82403644,DEPI8,Unknown (DEPI8)
6bo3atMVp3qFECNALVwq9N,Relaxing White Noise,3zbVVYrv9aKyNlGuh4HN19,Nature Sounds for Relaxation,2024-02-23,5TD3QynZ8975C97hhU5LiP,"Relax to Rain on a Pond (Loop, No Fade)",DEPI82403645,DEPI8,Unknown (DEPI8)
6bo3atMVp3qFECNALVwq9N,Relaxing White Noise,3zbVVYrv9aKyNlGuh4HN19,Nature Sounds for Relaxation,2024-02-23,74ki2J8u2RwGASo29YzONF,"Calming Waterfall White Noise (Loop, No Fade)",DEPI82403646,DEPI8,Unknown (DEPI8)
6bo3atMVp3qFECNALVwq9N,Relaxing White Noise,3zbVVYrv9aKyNlGuh4HN19,Nature Sounds for Relaxation,2024-02-23,1LO1A7pZrokUojOxxx7MUn,"Hawaii Ocean Waves (Loop, No Fade)",DEPI82403235,DEPI8,Unknown (DEPI8)
6bo3atMVp3qFECNALVwq9N,Relaxing White Noise,3zbVVYrv9aKyNlGuh4HN19,Nature Sounds for Relaxation,2024-02-23,71SkO9SHO0btAlvdrtggLV,"Bamboo Water Fountain (Loop, No Fade)",DEPI82403647,DEPI8,Unknown (DEPI8)
6bo3atMVp3qFECNALVwq9N,Relaxing White Noise,3zbVVYrv9aKyNlGuh4HN19,Nature Sounds for Relaxation,2024-02-23,2cdQ6Yz8VQMFVgXnsP3po0,"Relaxing Snowstorm at Cozy Log Cabin (Loop, No Fade)",DEPI82403648,DEPI8,Unknown (DEPI8)
6bo3atMVp3qFECNALVwq9N,Relaxing White Noise,3zbVVYrv9aKyNlGuh4HN19,Nature Sounds for Relaxation,2024-02-23,4aWIEyhk7ncOFtEH9WpFcC,"Relaxing Rain and Water Sounds (Loop, No Fade)",DEPI82403649,DEPI8,Unknown (DEPI8)
6bo3atMVp3qFECNALVwq9N,Relaxing White Noise,3zbVVYrv9aKyNlGuh4HN19,Nature Sounds for Relaxation,2024-02-23,3DZOcwKx1ig3GMVSOdl4iV,"Rain + Cozy Fireplace Ambience (Loop, No Fade)",DEPI82403650,DEPI8,Unknown (DEPI8)
6bo3atMVp3qFECNALVwq9N,Relaxing White Noise,1QF3fr90NovEU6YyxXmxfG,"Baby White Noise Sleep Sounds (Loop, No Fade)",2024-03-15,0ZXWsEBmUqVM2gyKWbH8HP,"Baby White Noise Sleep Sounds (Loop, No Fade)",DEPI82407363,DEPI8,Unknown (DEPI8)
6bo3atMVp3qFECNALVwq9N,Relaxing White Noise,3GGhpMd8tfjmJst4QqhAlp,"Airplane White Noise for Sleep (Loop, No Fade)",2024-03-29,7ieDz72XcZlL7R7QH3uK6i,"Airplane White Noise for Sleep (Loop, No Fade)",DEPI82410149,DEPI8,Unknown (DEPI8)
6bo3atMVp3qFECNALVwq9N,Relaxing White Noise,3TyZ9uWe5EUYh5ZxTe3Eaa,"Sleep Sounds Rain No Thunder (Loop, No Fade)",2024-04-12,3ufnIt1JBIbSskEGIDREMG,"Sleep Sounds Rain No Thunder (Loop, No Fade)",DEPI82410845,DEPI8,Unknown (DEPI8)
6bo3atMVp3qFECNALVwq9N,Relaxing White Noise,1aHLcCkQqKCVJ3AXs9XjdC,"Fan Sound White Noise for Sleep + Study (Loop, No Fade)",2024-04-26,52oTSYXBk0palCU1jkj1r9,"Fan Sound White Noise for Sleep + Study (Loop, No Fade)",DEPI82412370,DEPI8,Unknown (DEPI8)
6bo3atMVp3qFECNALVwq9N,Relaxing White Noise,4UapwLs4kVqPoiTt8AYvKY,"Happy Baby White Noise for Sleep (Loop, No Fade)",2024-05-10,301zycFQ3CiinvoNMIS997,"Happy Baby White Noise for Sleep (Loop, No Fade)",DEPI82410848,DEPI8,Unknown (DEPI8)
6bo3atMVp3qFECNALVwq9N,Relaxing White Noise,6qpOSqcAFY0HEdpty3GTiU,Sleep Sounds White Noise,2024-05-24,6Lvrjfb68Nee6uG1IpxyXw,"Airplane Jetliner Sounds for Sleeping (Loop, No Fade)",DEPI82410949,DEPI8,Unknown (DEPI8)
6bo3atMVp3qFECNALVwq9N,Relaxing White Noise,6qpOSqcAFY0HEdpty3GTiU,Sleep Sounds White Noise,2024-05-24,53ADlPkF3EOGmigyRB3uE7,"Wind Chimes + Relaxing White Noise for Sleeping (Loop, No Fade)",DEPI82410950,DEPI8,Unknown (DEPI8)
6bo3atMVp3qFECNALVwq9N,Relaxing White Noise,6qpOSqcAFY0HEdpty3GTiU,Sleep Sounds White Noise,2024-05-24,2wF1TUTdfBB8nY3hlfiYqz,"Space White Noise for Sleeping (Loop, No Fade)",DEPI82410951,DEPI8,Unknown (DEPI8)
6bo3atMVp3qFECNALVwq9N,Relaxing White Noise,6qpOSqcAFY0HEdpty3GTiU,Sleep Sounds White Noise,2024-05-24,2WbnLuqXNShRpfPAHyxzpW,"Oscillating Fan White Noise for Sleeping (Loop, No Fade)",DEPI82410952,DEPI8,Unknown (DEPI8)
6bo3atMVp3qFECNALVwq9N,Relaxing White Noise,6qpOSqcAFY0HEdpty3GTiU,Sleep Sounds White Noise,2024-05-24,1jdj9ENO0tecetyP96APjV,"White Noise Sound for Sleep (Loop, No Fade)",DEPI82410953,DEPI8,Unknown (DEPI8)
6bo3atMVp3qFECNALVwq9N,Relaxing White Noise,6qpOSqcAFY0HEdpty3GTiU,Sleep Sounds White Noise,2024-05-24,4hIIAFppyVPUiB5ZtnARHG,"Airplane White Noise for Sleeping + Private Jet Sounds (Loop, No Fade)",DEPI82410954,DEPI8,Unknown (DEPI8)
6bo3atMVp3qFECNALVwq9N,Relaxing White Noise,6qpOSqcAFY0HEdpty3GTiU,Sleep Sounds White Noise,2024-05-24,4SjvDeqy3k1aWbDs6g0Cwe,"Spaceship Sounds White Noise for Sleeping (Loop, No Fade)",DEPI82410955,DEPI8,Unknown (DEPI8)
6bo3atMVp3qFECNALVwq9N,Relaxing White Noise,6qpOSqcAFY0HEdpty3GTiU,Sleep Sounds White Noise,2024-05-24,6U43xQddxoRT7xEjKc84pv,"River Sounds + Nature White Noise for Sleeping (Loop, No Fade)",DEPI82410956,DEPI8,Unknown (DEPI8)
6bo3atMVp3qFECNALVwq9N,Relaxing White Noise,6qpOSqcAFY0HEdpty3GTiU,Sleep Sounds White Noise,2024-05-24,3xj3NaP195MCHODvZpBKNr,"Binaural Beats and White Noise for Sleep (Loop, No Fade)",DEPI82410957,DEPI8,Unknown (DEPI8)
6bo3atMVp3qFECNALVwq9N,Relaxing White Noise,6qpOSqcAFY0HEdpty3GTiU,Sleep Sounds White Noise,2024-05-24,3BKCMyHiLLrqNfu7OULEWS,"Cosmic White Noise for Sleeping (Loop, No Fade)",DEPI82410958,DEPI8,Unknown (DEPI8)
6bo3atMVp3qFECNALVwq9N,Relaxing White Noise,2xUWDmWAnzKWvTyQARcVA3,"Rain + Bamboo Fountain Sleep Sounds (Loop, No Fade)",2024-06-07,7Bla3K8cj5lr7a8zt9SyTM,"Rain + Bamboo Fountain Sleep Sounds (Loop, No Fade)",DEPI82410854,DEPI8,Unknown (DEPI8)
6bo3atMVp3qFECNALVwq9N,Relaxing White Noise,2HTeEbCV1CeyUyfSKs3Wub,"Studying White Noise for Homework or School (Loop, No Fade)",2024-06-21,0h4tOEWAx126Sey8UvG5Up,"Studying White Noise for Homework or School (Loop, No Fade)",DEPI82410855,DEPI8,Unknown (DEPI8)
6bo3atMVp3qFECNALVwq9N,Relaxing White Noise,2McUushQJQawSS2ePpWrp7,"Vacuum Cleaner Sleep Sound for Babies (Loop, No Fade)",2024-07-05,7K0vWXnBtMfz4wUc3UHPYr,"Vacuum Cleaner Sleep Sound for Babies (Loop, No Fade)",DEPI82410856,DEPI8,Unknown (DEPI8)
6bo3atMVp3qFECNALVwq9N,Relaxing White Noise,6XEZZ8dqEorBFryMZcSwUw,"Sleep to Rain Sounds in the Woods (Loop, No Fade)",2024-07-19,0SxhQVlLxIyr4h4Ezw2vbP,"Sleep to Rain Sounds in the Woods (Loop, No Fade)",DEPI82410857,DEPI8,Unknown (DEPI8)
6bo3atMVp3qFECNALVwq9N,Relaxing White Noise,1EA6B64S3ghEYwBUJMx9pm,"Rain + Ocean Sounds for Sleep (Loop, No Fade)",2024-08-02,46h0byu9Shr1icFbkftd0g,"Rain + Ocean Sounds for Sleep (Loop, No Fade)",DEPI82410858,DEPI8,Unknown (DEPI8)
6bo3atMVp3qFECNALVwq9N,Relaxing White Noise,76jlTC8u8A85RoTLCPdcba,Study Sounds White Noise,2024-08-16,65c0sWHrAlwQMlAFFRt894,"Deep White Noise for Reading, Writing, Math, and Studying (Loop, No Fade)",DEPI82410960,DEPI8,Unknown (DEPI8)
6bo3atMVp3qFECNALVwq9N,Relaxing White Noise,76jlTC8u8A85RoTLCPdcba,Study Sounds White Noise,2024-08-16,6pCFU0QNHamRuiTlsJ77BO,"Fan Study Sound White Noise (Loop, No Fade)",DEPI82410961,DEPI8,Unknown (DEPI8)
6bo3atMVp3qFECNALVwq9N,Relaxing White Noise,76jlTC8u8A85RoTLCPdcba,Study Sounds White Noise,2024-08-16,7lnYKqGJgmj8nFVbq0jokO,"Airplane Sound White Noise for Studying + Focus (Loop, No Fade)",DEPI82410962,DEPI8,Unknown (DEPI8)
6bo3atMVp3qFECNALVwq9N,Relaxing White Noise,76jlTC8u8A85RoTLCPdcba,Study Sounds White Noise,2024-08-16,2T1vlccSPSSzKp3MHPTBng,"Powerful Space Sound + Cosmic White Noise for Studying (Loop, No Fade)",DEPI82410963,DEPI8,Unknown (DEPI8)
6bo3atMVp3qFECNALVwq9N,Relaxing White Noise,76jlTC8u8A85RoTLCPdcba,Study Sounds White Noise,2024-08-16,1lkIvI2nbdySCJdEGHlxn3,"Rain Falling Sounds for Better Focus While Studying (Loop, No Fade)",DEPI82410964,DEPI8,Unknown (DEPI8)
6bo3atMVp3qFECNALVwq9N,Relaxing White Noise,76jlTC8u8A85RoTLCPdcba,Study Sounds White Noise,2024-08-16,4kyLUZpGEnWys8YbmF1ycP,"Fan White Noise + Cricket Sounds for Concentration (Loop, No Fade)",DEPI82410965,DEPI8,Unknown (DEPI8)
6bo3atMVp3qFECNALVwq9N,Relaxing White Noise,76jlTC8u8A85RoTLCPdcba,Study Sounds White Noise,2024-08-16,5FzXRzZWGJ0r5aifsftS2X,"Improve Focus with Powerful Space White Noise (Loop, No Fade)",DEPI82410966,DEPI8,Unknown (DEPI8)
6bo3atMVp3qFECNALVwq9N,Relaxing White Noise,76jlTC8u8A85RoTLCPdcba,Study Sounds White Noise,2024-08-16,1qhcFO2uSAqnoU64zmXXMw,"Air Conditioning White Noise for Studying, Focus, or Work from Home (Loop, No Fade)",DEPI82410967,DEPI8,Unknown (DEPI8)
6bo3atMVp3qFECNALVwq9N,Relaxing White Noise,76jlTC8u8A85RoTLCPdcba,Study Sounds White Noise,2024-08-16,2QcoZhRb6zfyJ74K8XOBYg,"Sandstorm White Noise Sounds for Studying, Homework, Focus (Loop, No Fade)",DEPI82410968,DEPI8,Unknown (DEPI8)
6bo3atMVp3qFECNALVwq9N,Relaxing White Noise,76jlTC8u8A85RoTLCPdcba,Study Sounds White Noise,2024-08-16,00MG7UTrt8sjhhClPkO0ZF,"Fan Sounds for Studying, Reading, Writing (Loop, No Fade)",DEPI82410969,DEPI8,Unknown (DEPI8)
6bo3atMVp3qFECNALVwq9N,Relaxing White Noise,1PzEXN51lzhPPGP5UgR21x,"Sounds for Sleeping, Private Jet White Noise (Loop, No Fade)",2024-10-04,7fDiLXTw6pI90vKNy6gpKK,"Airplane Sounds for Sleeping, Private Jet White Noise (Loop, No Fade)",DEPI82446618,DEPI8,Unknown (DEPI8)
6bo3atMVp3qFECNALVwq9N,Relaxing White Noise,53et0PKVEugTexbzNrsarG,"Relaxing Airplane White Noise for Sleeping on Private Jet (Loop, No Fade)",2025-02-21,5YJiL19Kn4pwRVQN8yQOJA,"Relaxing Airplane White Noise for Sleeping on Private Jet (Loop, No Fade)",DEPI82503844,DEPI8,Unknown (DEPI8)
6bo3atMVp3qFECNALVwq9N,Relaxing White Noise,4qwzYcqAkSwIYNvUyrQo6s,Fan White Noise for Sleep & Relaxation Loop (No Fade),2025-05-23,3gOFx8wiJ0yVv70XQOfkwv,Fan White Noise for Sleep & Relaxation Loop (No Fade),DEPI82528195,DEPI8,Unknown (DEPI8)
6bo3atMVp3qFECNALVwq9N,Relaxing White Noise,21TcEx3U4ZTnSIF5ivT7Qk,Airplane & Private Jet Sounds for Sleep,2025-06-06,4yEyUMUuBlYwh4Zs6scbHj,"Airplane Sounds for Sleep, Relaxing Flight Ambience White Noise Loop (No Fade)",DEPI82548546,DEPI8,Unknown (DEPI8)
6bo3atMVp3qFECNALVwq9N,Relaxing White Noise,21TcEx3U4ZTnSIF5ivT7Qk,Airplane & Private Jet Sounds for Sleep,2025-06-06,58a0oOfNQlNvT5NHK1kvxI,"Luxury Private Jet Sounds for Sleep, Airplane White Noise (Loop, No Fade)",DEPI82548709,DEPI8,Unknown (DEPI8)
6bo3atMVp3qFECNALVwq9N,Relaxing White Noise,21TcEx3U4ZTnSIF5ivT7Qk,Airplane & Private Jet Sounds for Sleep,2025-06-06,0UTxt4mw07fIvOu2bo5P9J,"Sleep to Airplane Cabin Sounds, White Noise to Help Ease Insomnia (Loop, No Fade)",DEPI82548750,DEPI8,Unknown (DEPI8)
6bo3atMVp3qFECNALVwq9N,Relaxing White Noise,21TcEx3U4ZTnSIF5ivT7Qk,Airplane & Private Jet Sounds for Sleep,2025-06-06,5ZVnhpqV4Xbv77dWxrZXGw,"Airplane White Noise for Sleeping, Soothing Sleep Sounds Loop (No Fade)",DEPI82548791,DEPI8,Unknown (DEPI8)
6bo3atMVp3qFECNALVwq9N,Relaxing White Noise,21TcEx3U4ZTnSIF5ivT7Qk,Airplane & Private Jet Sounds for Sleep,2025-06-06,6UvDCLwtAdFiiEYqZXz63N,"Private Jet White Noise, Fall Asleep Above the Clouds (Loop, No Fade)",DEPI82548832,DEPI8,Unknown (DEPI8)
6bo3atMVp3qFECNALVwq9N,Relaxing White Noise,21TcEx3U4ZTnSIF5ivT7Qk,Airplane & Private Jet Sounds for Sleep,2025-06-06,3uMFBRhK9I12V9mvRN3O5G,"Jet Engine Sounds for Sleep, Relax to Airplane White Noise Loop (No Fade)",DEPI82548870,DEPI8,Unknown (DEPI8)
6bo3atMVp3qFECNALVwq9N,Relaxing White Noise,21TcEx3U4ZTnSIF5ivT7Qk,Airplane & Private Jet Sounds for Sleep,2025-06-06,1WCYO29bLwxcw0tn1XRBPo,"Dreamy Airplane Sounds for Sleep & Relaxation (Loop, No Fade)",DEPI82548892,DEPI8,Unknown (DEPI8)
6bo3atMVp3qFECNALVwq9N,Relaxing White Noise,21TcEx3U4ZTnSIF5ivT7Qk,Airplane & Private Jet Sounds for Sleep,2025-06-06,1cPkLUfkPqaMfMtfWGhdtF,"Relaxing Airplane White Noise, Fall Asleep on Private Jet Loop (No Fade)",DEPI82548918,DEPI8,Unknown (DEPI8)
6bo3atMVp3qFECNALVwq9N,Relaxing White Noise,21TcEx3U4ZTnSIF5ivT7Qk,Airplane & Private Jet Sounds for Sleep,2025-06-06,7mnKt1auvImFiKbmDw4jlL,"Airplane Sounds to Sleep, Relax, or Block Distractions (Loop, No Fade)",DEPI82548956,DEPI8,Unknown (DEPI8)
6bo3atMVp3qFECNALVwq9N,Relaxing White Noise,21TcEx3U4ZTnSIF5ivT7Qk,Airplane & Private Jet Sounds for Sleep,2025-06-06,7rzDEl0Fx3JDnLlNdkoqPq,"Sleep to Private Jet White Noise & Luxury Airplane Sounds (Loop, No Fade)",DEPI82548997,DEPI8,Unknown (DEPI8)
6bo3atMVp3qFECNALVwq9N,Relaxing White Noise,0LmpCXf6JrnTCiGCErfpE6,"White Noise for Sleeping Under Starry Sky (Loop, No Fade)",2025-06-13,3ql4mBMc4QStvceFLvxuUT,"White Noise for Sleeping Under Starry Sky (Loop, No Fade)",DEPI82556751,DEPI8,Unknown (DEPI8)
6bo3atMVp3qFECNALVwq9N,Relaxing White Noise,6kRI9aCl5b08jSFv1mABqs,"Baby Sleep Sound White Noise, Calm Crying, Soothe Colic (Loop, No Fade)",2025-06-20,2saNroBF0k8TmJ5JYZ42EO,"Baby Sleep Sound White Noise, Calm Crying, Soothe Colic (Loop, No Fade)",DEPI82556752,DEPI8,Unknown (DEPI8)
6bo3atMVp3qFECNALVwq9N,Relaxing White Noise,4vVoj7Se75q2PmMWSNhxq1,White Noise for Sleep,2025-06-27,7KESHlLNT3bxkSuwmVgVJe,"White Noise to Fall Asleep, Goodnight! (Loop, No Fade)",DEPI82559282,DEPI8,Unknown (DEPI8)
6bo3atMVp3qFECNALVwq9N,Relaxing White Noise,4vVoj7Se75q2PmMWSNhxq1,White Noise for Sleep,2025-06-27,1M2E29NFNIbdyElWDtYciY,"Relaxing White Noise for Amazing Sleep (Loop, No Fade)",DEPI82559283,DEPI8,Unknown (DEPI8)
6bo3atMVp3qFECNALVwq9N,Relaxing White Noise,4vVoj7Se75q2PmMWSNhxq1,White Noise for Sleep,2025-06-27,1xnyoDpU81bOraSSDgV6p3,"Soothing White Noise Sound for Sleep & Relaxation (Loop, No Fade)",DEPI82559363,DEPI8,Unknown (DEPI8)
6bo3atMVp3qFECNALVwq9N,Relaxing White Noise,4vVoj7Se75q2PmMWSNhxq1,White Noise for Sleep,2025-06-27,6tbcSXRmm36B7pbTNqL2zK,"Loud White Noise to Help You Sleep Through the Night (Loop, No Fade)",DEPI82559364,DEPI8,Unknown (DEPI8)
6bo3atMVp3qFECNALVwq9N,Relaxing White Noise,4vVoj7Se75q2PmMWSNhxq1,White Noise for Sleep,2025-06-27,3zn1PfqvYmS4tU5HPcGwi4,"Fall Asleep to Peaceful White Noise Sounds (Loop, No Fade)",DEPI82559365,DEPI8,Unknown (DEPI8)
6bo3atMVp3qFECNALVwq9N,Relaxing White Noise,4vVoj7Se75q2PmMWSNhxq1,White Noise for Sleep,2025-06-27,3XEU1mXxqanWx8qKEpnvaV,"Deep White Noise for Sleeping and Relaxing (Loop, No Fade)",DEPI82559366,DEPI8,Unknown (DEPI8)
6bo3atMVp3qFECNALVwq9N,Relaxing White Noise,4vVoj7Se75q2PmMWSNhxq1,White Noise for Sleep,2025-06-27,4xxQ1x0qrLBvnoN17f999F,"White Noise Sleep Sound to Help Ease Insomnia! (Loop, No Fade)",DEPI82559369,DEPI8,Unknown (DEPI8)
6bo3atMVp3qFECNALVwq9N,Relaxing White Noise,4vVoj7Se75q2PmMWSNhxq1,White Noise for Sleep,2025-06-27,4LJJCpej94WdUUc4AcbwVh,Gentle White Noise & Relaxing Sleep Sounds Loop (No Fade),DEPI82559370,DEPI8,Unknown (DEPI8)
6bo3atMVp3qFECNALVwq9N,Relaxing White Noise,4vVoj7Se75q2PmMWSNhxq1,White Noise for Sleep,2025-06-27,3DwFztF9hAuecqvAHsdwLT,"White Noise to Help You Relax & Block Distractions, Powerful Sleep Sound Loop (No Fade)",DEPI82559371,DEPI8,Unknown (DEPI8)
6bo3atMVp3qFECNALVwq9N,Relaxing White Noise,4vVoj7Se75q2PmMWSNhxq1,White Noise for Sleep,2025-06-27,37rzfeuQIlQN8MSl1IDxqE,"White Noise Sounds to Make You Sleepy (Loop, No Fade)",DEPI82559372,DEPI8,Unknown (DEPI8)
6bo3atMVp3qFECNALVwq9N,Relaxing White Noise,5dG0cFNpu4RperGXCUIWCv,"White Noise for Dogs, Helps Calm Anxiety, Barking, and Stress (Loop, No Fade)",2025-07-04,26VOnL1Tssl1aHDG0f0ZHw,"White Noise for Dogs, Helps Calm Anxiety, Barking, and Stress (Loop, No Fade)",DEPI82556754,DEPI8,Unknown (DEPI8)
6bo3atMVp3qFECNALVwq9N,Relaxing White Noise,0tV5YYsGDHzr3Fgxye9lc2,Thunderstorm & Rain Sounds with Ocean Waves White Noise Loop (No Fade),2025-07-11,0J1Yed9dR5NqrvfvX66cE8,Thunderstorm & Rain Sounds with Ocean Waves White Noise Loop (No Fade),DEPI82556755,DEPI8,Unknown (DEPI8)
6bo3atMVp3qFECNALVwq9N,Relaxing White Noise,0X0R96eYtjPsJdJQ7INdNp,"Rain Sounds for Sleeping, Relaxing Rain on Window White Noise Loop (No Fade)",2025-07-18,0Ewf6n5Tc7upYIxaoFGKEO,"Rain Sounds for Sleeping, Relaxing Rain on Window White Noise Loop (No Fade)",DEPI82556757,DEPI8,Unknown (DEPI8)
6bo3atMVp3qFECNALVwq9N,Relaxing White Noise,57cHmT2hHpU6BCuaiKpswh,Train Sounds for Sleeping,2025-07-25,3jeB8rouhdmJdpz8P7nIa4,"Train Sounds & Rain White Noise for Sleep (Loop, No Fade)",DEPI82574890,DEPI8,Unknown (DEPI8)
6bo3atMVp3qFECNALVwq9N,Relaxing White Noise,57cHmT2hHpU6BCuaiKpswh,Train Sounds for Sleeping,2025-07-25,6oBZ326IS0KSRIcexPcsmb,"White Noise of a Train, Relaxing Sounds for Sleeping (Loop, No Fade)",DEPI82574891,DEPI8,Unknown (DEPI8)
6bo3atMVp3qFECNALVwq9N,Relaxing White Noise,57cHmT2hHpU6BCuaiKpswh,Train Sounds for Sleeping,2025-07-25,5z6aR527DcKdlNZ9PWsx9o,"Sleep to Relaxing Rainstorm and Train Sounds (Loop, No Fade)",DEPI82574892,DEPI8,Unknown (DEPI8)
6bo3atMVp3qFECNALVwq9N,Relaxing White Noise,57cHmT2hHpU6BCuaiKpswh,Train Sounds for Sleeping,2025-07-25,1mcEMwxnEYmUzjbV4cONs3,"Train Cabin White Noise Sounds for Sleep & Relaxation (Loop, No Fade)",DEPI82522770,DEPI8,Unknown (DEPI8)
6bo3atMVp3qFECNALVwq9N,Relaxing White Noise,57cHmT2hHpU6BCuaiKpswh,Train Sounds for Sleeping,2025-07-25,0fvOvNA1XnjclWVbghx7sD,"Rain Sounds and Train White Noise for Better Sleep (Loop, No Fade)",DEPI82574893,DEPI8,Unknown (DEPI8)
6bo3atMVp3qFECNALVwq9N,Relaxing White Noise,57cHmT2hHpU6BCuaiKpswh,Train Sounds for Sleeping,2025-07-25,6Np8lBXzgT0JNznFHM1qUl,"Relaxing White Noise & Distant Train Sounds for Sleep (Loop, No Fade)",DEPI82574895,DEPI8,Unknown (DEPI8)
6bo3atMVp3qFECNALVwq9N,Relaxing White Noise,57cHmT2hHpU6BCuaiKpswh,Train Sounds for Sleeping,2025-07-25,1bpDSm49Qcf8sq1jAUyxJq,"Rain & Thunder Sounds with Distant Train White Noise for Sleep (Loop, No Fade)",DEPI82574896,DEPI8,Unknown (DEPI8)
6bo3atMVp3qFECNALVwq9N,Relaxing White Noise,57cHmT2hHpU6BCuaiKpswh,Train Sounds for Sleeping,2025-07-25,2dC1fFnOu4cvUFcyhG7f5M,"Quiet Train Track White Noise, Calming Sleep Sounds & Asmr (Loop, No Fade)",DEPI82574897,DEPI8,Unknown (DEPI8)
6bo3atMVp3qFECNALVwq9N,Relaxing White Noise,57cHmT2hHpU6BCuaiKpswh,Train Sounds for Sleeping,2025-07-25,2zg2nFlPuPRHV4AUMOALgO,"Train Sounds to Help You Fall Asleep & Stay Sleeping (Loop, No Fade)",DEPI82574898,DEPI8,Unknown (DEPI8)
6bo3atMVp3qFECNALVwq9N,Relaxing White Noise,57cHmT2hHpU6BCuaiKpswh,Train Sounds for Sleeping,2025-07-25,6EYCOOiXOA3IvaUX2J9f58,"Train White Noise & Heavy Rain Sounds for Sleeping (Loop, No Fade)",DEPI82574899,DEPI8,Unknown (DEPI8)
6bo3atMVp3qFECNALVwq9N,Relaxing White Noise,0dGbP1hz1nZEpemlvuzS1v,"Waterfall White Noise Sounds for Sleeping or Studying (Loop, No Fade)",2025-08-01,7zRtQzAXLUytidySKa9WT2,"Waterfall White Noise Sounds for Sleeping or Studying (Loop, No Fade)",DEPI82556758,DEPI8,Unknown (DEPI8)
6bo3atMVp3qFECNALVwq9N,Relaxing White Noise,5tEvcmYI5NX5Bv6yeGNARj,"White Noise Private Jet, Sleep or Study to Airplane Sound Loop (No Fade)",2025-08-08,0gOnF41EKm9BuZx1dSBxik,"White Noise Private Jet, Sleep or Study to Airplane Sound Loop (No Fade)",DEPI82556760,DEPI8,Unknown (DEPI8)
6bo3atMVp3qFECNALVwq9N,Relaxing White Noise,5TB1bFjzHonS59PyCIpVHb,"Fan Sound for Sleep, Study, or Relaxation, Amazing White Noise Sounds (Loop, No Fade)",2025-08-15,7BeNbU8Mi5xezh7ayufCK4,"Fan Sound for Sleep, Study, or Relaxation, Amazing White Noise Sounds (Loop, No Fade)",DEPI82556761,DEPI8,Unknown (DEPI8)
6bo3atMVp3qFECNALVwq9N,Relaxing White Noise,5i1wXtSULeFtVhYs9se41m,"Train & White Noise for Relaxation and Sleep (Loop, No Fade)",2025-08-22,7uz7Vtx7sdQQTws7Ey1xHb,"Train & White Noise for Relaxation and Sleep (Loop, No Fade)",DEPI82522812,DEPI8,Unknown (DEPI8)
6bo3atMVp3qFECNALVwq9N,Relaxing White Noise,3C0PKfniaSzTsuckv1IgE0,"White Noise Rain Sounds for Sleep, Focus, Studying (Loop, No Fade)",2025-12-12,2pVkZMs1jB2LGvQOmXvJ01,"White Noise Rain Sounds for Sleep, Focus, Studying (Loop, No Fade)",DE1QW2516269,DE1QW,Unknown (DE1QW)
6bo3atMVp3qFECNALVwq9N,Relaxing White Noise,294t1sbxsfOvx5sjZE6m2C,White Noise & Nature Sounds for Dogs,2025-12-19,4NBC97M09eQqF6RPXmbneY,"Rain Sounds to Relax Dogs and Puppies (Loop, No Fade)",DE1QW2519226,DE1QW,Unknown (DE1QW)
6bo3atMVp3qFECNALVwq9N,Relaxing White Noise,294t1sbxsfOvx5sjZE6m2C,White Noise & Nature Sounds for Dogs,2025-12-19,6jngwa7ibByK5doszOM0jf,"White Noise for Dogs, Calms Barking and Separation Anxiety (Loop, No Fade)",DE1QW2519231,DE1QW,Unknown (DE1QW)
6bo3atMVp3qFECNALVwq9N,Relaxing White Noise,294t1sbxsfOvx5sjZE6m2C,White Noise & Nature Sounds for Dogs,2025-12-19,1Y9Mzdm9X5Uytl19kcUUQG,"Stop Barking with Rain White Noise + Bird Sounds for Dogs (Loop, No Fade)",DE1QW2519232,DE1QW,Unknown (DE1QW)
6bo3atMVp3qFECNALVwq9N,Relaxing White Noise,294t1sbxsfOvx5sjZE6m2C,White Noise & Nature Sounds for Dogs,2025-12-19,1Xje5WiladV2kOIvBu1uZn,"Relax Your Dog with Soothing Water Sounds in a Forest (Loop, No Fade)",DE1QW2519233,DE1QW,Unknown (DE1QW)
6bo3atMVp3qFECNALVwq9N,Relaxing White Noise,294t1sbxsfOvx5sjZE6m2C,White Noise & Nature Sounds for Dogs,2025-12-19,1sJ4OQodAmfUJwcoOTpMnE,"Calm Your Dog with Rain White Noise, Morning Dog Walk on the Beach (Loop, No Fade)",DE1QW2519234,DE1QW,Unknown (DE1QW)
6bo3atMVp3qFECNALVwq9N,Relaxing White Noise,294t1sbxsfOvx5sjZE6m2C,White Noise & Nature Sounds for Dogs,2025-12-19,75sysKXivBGCd2z6kIPAOb,"Rain + Nature Sounds to Ease Your Dog's Barking (Loop, No Fade)",DE1QW2519235,DE1QW,Unknown (DE1QW)
6bo3atMVp3qFECNALVwq9N,Relaxing White Noise,294t1sbxsfOvx5sjZE6m2C,White Noise & Nature Sounds for Dogs,2025-12-19,2TFVRShWAKhggXx6g2TWIi,"White Noise to Relax Barking Dogs (Loop, No Fade)",DE1QW2519236,DE1QW,Unknown (DE1QW)
6bo3atMVp3qFECNALVwq9N,Relaxing White Noise,294t1sbxsfOvx5sjZE6m2C,White Noise & Nature Sounds for Dogs,2025-12-19,010u5ECFn2LLa3O5IM8RfY,"Rain Sounds for Dogs, Relaxing Rain on Window Ambience (Loop, No Fade)",DE1QW2519237,DE1QW,Unknown (DE1QW)
6bo3atMVp3qFECNALVwq9N,Relaxing White Noise,294t1sbxsfOvx5sjZE6m2C,White Noise & Nature Sounds for Dogs,2025-12-19,7nFZv6PogKPTc2cP5sdnRY,"Soothing White Noise for Dogs (Helps with Barking, Whining, and Restless Puppies)",DE1QW2519238,DE1QW,Unknown (DE1QW)
6bo3atMVp3qFECNALVwq9N,Relaxing White Noise,294t1sbxsfOvx5sjZE6m2C,White Noise & Nature Sounds for Dogs,2025-12-19,3kXt2nlzYgAPihOuAGhJIC,"Ease Separation Anxiety with Nature Sounds for Dogs (Loop, No Fade)",DE1QW2519239,DE1QW,Unknown (DE1QW)
6bo3atMVp3qFECNALVwq9N,Relaxing White Noise,2jMIvYgYpvJp1iVwO4YtVJ,"Infant Sleep Sound White Noise, Helps Your Baby Fall Asleep (Loop, No Fade)",2025-12-26,01JLX5heQcr71QTchK4BC0,"Infant Sleep Sound White Noise, Helps Your Baby Fall Asleep (Loop, No Fade)",DE1QW2519257,DE1QW,Unknown (DE1QW)
6bo3atMVp3qFECNALVwq9N,Relaxing White Noise,59xB7huO7Tkr7tdMmu2uOu,Relaxing Rain Sounds on Tin Roof for Sleep Loop (No Fade),2026-01-02,3mRpdaiHfRyXBAJHexKMoz,Relaxing Rain Sounds on Tin Roof for Sleep Loop (No Fade),DE1QW2519921,DE1QW,Unknown (DE1QW)
6bo3atMVp3qFECNALVwq9N,Relaxing White Noise,3cxR65zlMNLmMy4OscuDyn,Rainstorm Sounds for Sleeping,2026-01-09,6dayH4ZJY5YSHgXE7jIYzO,"Tropical Rainstorm Sounds in Rainforest, Rain Loop (No Fade)",DE1QW2519628,DE1QW,Unknown (DE1QW)
6bo3atMVp3qFECNALVwq9N,Relaxing White Noise,3cxR65zlMNLmMy4OscuDyn,Rainstorm Sounds for Sleeping,2026-01-09,2nrdnI6V42NWGIeD0RxNse,"White Noise of Heavy Rain Lulls You to Sleep (Loop, No Fade)",DE1QW2519633,DE1QW,Unknown (DE1QW)
6bo3atMVp3qFECNALVwq9N,Relaxing White Noise,3cxR65zlMNLmMy4OscuDyn,Rainstorm Sounds for Sleeping,2026-01-09,5QaH9yfnUIVCTBOvplbyOZ,"Relax with Rainstorm on Forest Leaves, Rain Sounds for Sleep Loop (No Fade)",DE1QW2520333,DE1QW,Unknown (DE1QW)
6bo3atMVp3qFECNALVwq9N,Relaxing White Noise,3cxR65zlMNLmMy4OscuDyn,Rainstorm Sounds for Sleeping,2026-01-09,0F1mQfm9MtY51ZLsZEegIK,"Rain and Thunder Sounds for Sleep and Relaxation (Loop, No Fade)",DE1QW2520334,DE1QW,Unknown (DE1QW)
6bo3atMVp3qFECNALVwq9N,Relaxing White Noise,3cxR65zlMNLmMy4OscuDyn,Rainstorm Sounds for Sleeping,2026-01-09,1NtkZZGBQbyoA9p5zXS6Ki,"Rainstorm and Thunder White Noise with River Sounds (Loop, No Fade)",DE1QW2520335,DE1QW,Unknown (DE1QW)
6bo3atMVp3qFECNALVwq9N,Relaxing White Noise,3cxR65zlMNLmMy4OscuDyn,Rainstorm Sounds for Sleeping,2026-01-09,3qZqMOQmzq14gHqC8mVZqc,Rain Sounds for Sleeping or Studying Loop (No Fade),DE1QW2520345,DE1QW,Unknown (DE1QW)
6bo3atMVp3qFECNALVwq9N,Relaxing White Noise,3cxR65zlMNLmMy4OscuDyn,Rainstorm Sounds for Sleeping,2026-01-09,0ayvTjdNZ3dnlfXncCdOvu,Fall Asleep to Rain and Thunder Sounds Loop (No Fade),DE1QW2520346,DE1QW,Unknown (DE1QW)
6bo3atMVp3qFECNALVwq9N,Relaxing White Noise,3cxR65zlMNLmMy4OscuDyn,Rainstorm Sounds for Sleeping,2026-01-09,7eTHpd4M9KCWmvwDwqbyhy,"Forest Rainstorm Sounds for Amazing Sleep (Loop, No Fade)",DE1QW2520348,DE1QW,Unknown (DE1QW)
6bo3atMVp3qFECNALVwq9N,Relaxing White Noise,3cxR65zlMNLmMy4OscuDyn,Rainstorm Sounds for Sleeping,2026-01-09,1OSWs05HOoHExn28QSaNad,Heavy Rain White Noise for Sleeping Loop (No Fade),DE1QW2520349,DE1QW,Unknown (DE1QW)
6bo3atMVp3qFECNALVwq9N,Relaxing White Noise,3cxR65zlMNLmMy4OscuDyn,Rainstorm Sounds for Sleeping,2026-01-09,0FAkV6C0UvNwKewtFpAcar,"Thunderstorm Sounds to Help You Relax and Sleep (Loop, No Fade)",DE1QW2520350,DE1QW,Unknown (DE1QW)
6bo3atMVp3qFECNALVwq9N,Relaxing White Noise,4k2lBdYG6uJC3oZlexfSl6,"Brown Noise for Sleep or Study, Super Smooth & Deep Sound (Loop, No Fade)",2026-01-16,5iCvm4seiZkZHTLkokV4hE,"Brown Noise for Sleep or Study, Super Smooth & Deep Sound (Loop, No Fade)",DE1QW2520060,DE1QW,Unknown (DE1QW)
6bo3atMVp3qFECNALVwq9N,Relaxing White Noise,5ZG1occUUOW7kMyIoffFRs,Waterfall Sounds for Sleep,2026-01-23,2BOqfD7E0E5M8GKvV8Of2H,White Noise Waterfall Sounds for Sleeping Loop (No Fade),DE1QW2603781,DE1QW,Unknown (DE1QW)
6bo3atMVp3qFECNALVwq9N,Relaxing White Noise,5ZG1occUUOW7kMyIoffFRs,Waterfall Sounds for Sleep,2026-01-23,5l4CebVMerJmRzEr93WRL9,Waterfall and Rainstorm Sounds for Sleep Loop (No Fade),DE1QW2603782,DE1QW,Unknown (DE1QW)
6bo3atMVp3qFECNALVwq9N,Relaxing White Noise,5ZG1occUUOW7kMyIoffFRs,Waterfall Sounds for Sleep,2026-01-23,6YVXoPfj82ClekuYt5YCXJ,Huge Waterfall White Noise Loop (No Fade),DE1QW2603783,DE1QW,Unknown (DE1QW)
6bo3atMVp3qFECNALVwq9N,Relaxing White Noise,5ZG1occUUOW7kMyIoffFRs,Waterfall Sounds for Sleep,2026-01-23,2tpfNoxOGaUCpzvOAEb9ss,"Rain and Waterfall Sounds, Natural White Noise Loop (No Fade)",DE1QW2603784,DE1QW,Unknown (DE1QW)
6bo3atMVp3qFECNALVwq9N,Relaxing White Noise,5ZG1occUUOW7kMyIoffFRs,Waterfall Sounds for Sleep,2026-01-23,2WD4yYTZdBKybRcXPPu9ZF,Waterfall Sleep Sounds Loop (No Fade),DE1QW2603786,DE1QW,Unknown (DE1QW)
6bo3atMVp3qFECNALVwq9N,Relaxing White Noise,5ZG1occUUOW7kMyIoffFRs,Waterfall Sounds for Sleep,2026-01-23,0Zy8K7gfixxn2QFWVlsYMb,Powerful Waterfall & Heavy Rain Sounds Loop (No Fade),DE1QW2603787,DE1QW,Unknown (DE1QW)
6bo3atMVp3qFECNALVwq9N,Relaxing White Noise,5ZG1occUUOW7kMyIoffFRs,Waterfall Sounds for Sleep,2026-01-23,0aHorIgPmBnqWfn91CTbtn,Roaring Waterfall White Noise for Sleep Loop (No Fade),DE1QW2603788,DE1QW,Unknown (DE1QW)
6bo3atMVp3qFECNALVwq9N,Relaxing White Noise,5ZG1occUUOW7kMyIoffFRs,Waterfall Sounds for Sleep,2026-01-23,6ovzzbojwh0HNQXGHgDU5N,Loud Waterfall Sounds for Better Sleep Loop (No Fade),DE1QW2603789,DE1QW,Unknown (DE1QW)
6bo3atMVp3qFECNALVwq9N,Relaxing White Noise,5ZG1occUUOW7kMyIoffFRs,Waterfall Sounds for Sleep,2026-01-23,6AciDP9iQ6hDmNfjPm0nue,Soothing Waterfall Sound to Help You Relax! Loop (No Fade),DE1QW2603790,DE1QW,Unknown (DE1QW)
6bo3atMVp3qFECNALVwq9N,Relaxing White Noise,5ZG1occUUOW7kMyIoffFRs,Waterfall Sounds for Sleep,2026-01-23,3W1HCAGRdvY9adl74yVoHy,Waterfall Asmr for Sleep & Stress Relief Loop (No Fade),DE1QW2603791,DE1QW,Unknown (DE1QW)
6bo3atMVp3qFECNALVwq9N,Relaxing White Noise,0H3dO0Lkqi7er3ViqZR7PB,"Relaxing Jet Sounds & Airplane White Noise for Sleep (Loop, No Fade)",2026-01-30,6NOGo4GP2Lhmec33Usmsll,"Relaxing Jet Sounds & Airplane White Noise for Sleep (Loop, No Fade)",DE1QW2605376,DE1QW,Unknown (DE1QW)
6bo3atMVp3qFECNALVwq9N,Relaxing White Noise,17GxVb2bXTJxkebT2lFcq2,"Fan Sounds for Sleep (Loopable, No Fade)",2026-02-06,0NMkCsqzAcQ3FrbPc2A8NI,Loud Fan Noise for Sleep & Relaxation Loop (No Fade),DE1QW2605573,DE1QW,Unknown (DE1QW)
6bo3atMVp3qFECNALVwq9N,Relaxing White Noise,17GxVb2bXTJxkebT2lFcq2,"Fan Sounds for Sleep (Loopable, No Fade)",2026-02-06,1NeE5tnQZkFUXIsaFNBisI,Sleep Sounds Fan White Noise Loop (No Fade),DE1QW2605574,DE1QW,Unknown (DE1QW)
6bo3atMVp3qFECNALVwq9N,Relaxing White Noise,17GxVb2bXTJxkebT2lFcq2,"Fan Sounds for Sleep (Loopable, No Fade)",2026-02-06,2P8DDllu4CxyUZy8vrBJZH,Relaxing Fan Sounds to Help You Sleep Loop (No Fade),DE1QW2605575,DE1QW,Unknown (DE1QW)
6bo3atMVp3qFECNALVwq9N,Relaxing White Noise,17GxVb2bXTJxkebT2lFcq2,"Fan Sounds for Sleep (Loopable, No Fade)",2026-02-06,12jNIQvOEUp4lJ4TmZ9mtL,Sleep to White Noise of a Fan Loop (No Fade),DE1QW2605576,DE1QW,Unknown (DE1QW)
6bo3atMVp3qFECNALVwq9N,Relaxing White Noise,17GxVb2bXTJxkebT2lFcq2,"Fan Sounds for Sleep (Loopable, No Fade)",2026-02-06,7a7maAkGucGZEmvTdWzg0g,Fall Asleep Fast with Loud Fan Sound Loop (No Fade),DE1QW2605577,DE1QW,Unknown (DE1QW)
6bo3atMVp3qFECNALVwq9N,Relaxing White Noise,17GxVb2bXTJxkebT2lFcq2,"Fan Sounds for Sleep (Loopable, No Fade)",2026-02-06,18RJ47WiegLX5fOK9buDCy,Relaxing Fan Noise Loop (No Fade),DE1QW2605579,DE1QW,Unknown (DE1QW)
6bo3atMVp3qFECNALVwq9N,Relaxing White Noise,17GxVb2bXTJxkebT2lFcq2,"Fan Sounds for Sleep (Loopable, No Fade)",2026-02-06,1IdkmzUTIywoxzbIlfPFc0,White Noise of a Fan for Sleep & Relaxation Loop (No Fade),DE1QW2605580,DE1QW,Unknown (DE1QW)
6bo3atMVp3qFECNALVwq9N,Relaxing White Noise,17GxVb2bXTJxkebT2lFcq2,"Fan Sounds for Sleep (Loopable, No Fade)",2026-02-06,1i4TFHWdTdZdDHSffpyXgk,Block out Snoring with Powerful Fan Sound for Sleep Loop (No Fade),DE1QW2605590,DE1QW,Unknown (DE1QW)
6bo3atMVp3qFECNALVwq9N,Relaxing White Noise,17GxVb2bXTJxkebT2lFcq2,"Fan Sounds for Sleep (Loopable, No Fade)",2026-02-06,3fA1H0haEuVFUOUPBhuX7p,Vintage Fan Sound Loop (No Fade),DE1QW2605591,DE1QW,Unknown (DE1QW)
6bo3atMVp3qFECNALVwq9N,Relaxing White Noise,17GxVb2bXTJxkebT2lFcq2,"Fan Sounds for Sleep (Loopable, No Fade)",2026-02-06,7b67XawFUYf5S5CFHnFc5h,Amazing Fan Sleep Sound Loop (No Fade),DE1QW2605594,DE1QW,Unknown (DE1QW)
6bo3atMVp3qFECNALVwq9N,Relaxing White Noise,1kWLrKlOLj6Hp6rAyNHHTg,Rain Sounds on Lake with Distant Thunder for Sleeping Loop (No Fade),2026-02-13,7o4CqMWLafKzeQjFgTRvlu,Rain Sounds on Lake with Distant Thunder for Sleeping Loop (No Fade),DE1QW2605596,DE1QW,Unknown (DE1QW)
6bo3atMVp3qFECNALVwq9N,Relaxing White Noise,6HLHQzKsIxnmtZI47xkn7W,"Campfire Sound & Crickets Chirping for Sleep (Loop, No Fade)",2026-02-20,1nNoM4PGOfJYRXmgL7o1ub,"Campfire Sound & Crickets Chirping for Sleep (Loop, No Fade)",DE1QW2607485,DE1QW,Unknown (DE1QW)
6bo3atMVp3qFECNALVwq9N,Relaxing White Noise,1AmyHvz1wjlfqpT3Z4kDm0,"Loud White Noise for Sleep (Loop, No Fade)",2026-02-27,2T5G62HtbjNf6Z8pSiBLSx,"Loud White Noise for Sleep (Loop, No Fade)",DE1QW2607486,DE1QW,Unknown (DE1QW)
6bo3atMVp3qFECNALVwq9N,Relaxing White Noise,6YjpzK8S2XO6Bu2zMlSIxC,"Tibetan Bowls for Sleep (Loopable, No Fade)",2026-03-06,48AJS8ayJWet2uqre6NhLO,"Tibetan Bowl Relaxation Music for Sleep, Study, or Stress Relief (Loop, No Fade)",DE1QW2609314,DE1QW,Unknown (DE1QW)
6bo3atMVp3qFECNALVwq9N,Relaxing White Noise,6YjpzK8S2XO6Bu2zMlSIxC,"Tibetan Bowls for Sleep (Loopable, No Fade)",2026-03-06,2QXnXlxNmyxGzezxpUR8LN,"Tibetan Singing Bowls with Thunder & Rain for Sleeping (Loop, No Fade)",DE1QW2607803,DE1QW,Unknown (DE1QW)
6bo3atMVp3qFECNALVwq9N,Relaxing White Noise,6YjpzK8S2XO6Bu2zMlSIxC,"Tibetan Bowls for Sleep (Loopable, No Fade)",2026-03-06,4SuvelEL8pcQAQVlkQVyCI,"Tibetan Bowls & Bamboo Water Fountain Sound (Loop, No Fade)",DE1QW2609315,DE1QW,Unknown (DE1QW)
6bo3atMVp3qFECNALVwq9N,Relaxing White Noise,6YjpzK8S2XO6Bu2zMlSIxC,"Tibetan Bowls for Sleep (Loopable, No Fade)",2026-03-06,21pgN0fsy1voR3nBAH5fRH,"Ocean Waves with Tibetan Bowl Sounds for Deep Sleep (Loop, No Fade)",DE1QW2609318,DE1QW,Unknown (DE1QW)
6bo3atMVp3qFECNALVwq9N,Relaxing White Noise,6YjpzK8S2XO6Bu2zMlSIxC,"Tibetan Bowls for Sleep (Loopable, No Fade)",2026-03-06,7BOihZ12kyzWQm24VlulZY,"Tibetan Singing Bowls & Deep White Noise for Sleeping (Loop, No Fade)",DE1QW2609319,DE1QW,Unknown (DE1QW)
6bo3atMVp3qFECNALVwq9N,Relaxing White Noise,6YjpzK8S2XO6Bu2zMlSIxC,"Tibetan Bowls for Sleep (Loopable, No Fade)",2026-03-06,2RGNodrr5cULDbmifZ4QcW,"Bamboo Water Fountain and Tibetan Singing Bowls for Sleep (Loop, No Fade)",DE1QW2609320,DE1QW,Unknown (DE1QW)
6bo3atMVp3qFECNALVwq9N,Relaxing White Noise,6YjpzK8S2XO6Bu2zMlSIxC,"Tibetan Bowls for Sleep (Loopable, No Fade)",2026-03-06,6ar46UgBiYT3r807Wmsjbp,"Tibetan Bowls Sleep Music & Ocean Sounds (Loop, No Fade)",DE1QW2609321,DE1QW,Unknown (DE1QW)
6bo3atMVp3qFECNALVwq9N,Relaxing White Noise,6YjpzK8S2XO6Bu2zMlSIxC,"Tibetan Bowls for Sleep (Loopable, No Fade)",2026-03-06,4vbL3B7hbho8Mvv47fPR8L,"Thunderstorm Rain Music for Sleep with Tibetan Singing Bowls (Loop, No Fade)",DE1QW2609322,DE1QW,Unknown (DE1QW)
6bo3atMVp3qFECNALVwq9N,Relaxing White Noise,6YjpzK8S2XO6Bu2zMlSIxC,"Tibetan Bowls for Sleep (Loopable, No Fade)",2026-03-06,5dvoG1gwfyIQBFQzpBRLVv,"Relaxing Music for Sleep with Tibetan Singing Bowls & Ocean Wave Sounds (Loop, No Fade)",DE1QW2609323,DE1QW,Unknown (DE1QW)
6bo3atMVp3qFECNALVwq9N,Relaxing White Noise,6YjpzK8S2XO6Bu2zMlSIxC,"Tibetan Bowls for Sleep (Loopable, No Fade)",2026-03-06,1aRCiUkar4Cheb7xgVa2et,"Rain Sounds & Tibetan Singing Bowls for Sleep (Loop, No Fade)",DE1QW2609334,DE1QW,Unknown (DE1QW)
