artist,track_count,mean_duration_ms,genres,genre_count,var_danceability,var_energy,var_valence,var_acousticness,total_variance,flag
The Black Dog,13,225251.07692307694,idm,1,0.055759474358974354,0.0624913076923077,0.13626020923076923,0.13770913008861102,0.3922201213706623,ORGANIC_CONTROL
Death Cab for Cutie,17,197224.0,"indie,indie-pop",2,0.002974992647058823,0.0698170955882353,0.10107138970588238,0.17344961433936767,0.3473130922805442,ORGANIC_CONTROL
Yasuharu Takanashi,16,140353.6875,anime,1,0.014649866666666666,0.12963683895833333,0.026706926500000002,0.17463182692777818,0.3456254590527782,ORGANIC_CONTROL
Ilkae,12,81659.66666666667,idm,1,0.020340992424242425,0.088134,0.08354354545454547,0.14517926346711363,0.33719780134590155,ORGANIC_CONTROL
George Bruns,13,142897.23076923078,disney,1,0.05145908974358975,0.06483059807692308,0.16088482076923075,0.056511589743589746,0.33368609833333335,ORGANIC_CONTROL
Reiki Armonía,15,245488.4,world-music,1,0.003754749238095237,0.1645544124142857,0.0004213373857142858,0.16442099999999996,0.33315149903809516,ORGANIC_CONTROL
Susumu Yokota,26,278322.92307692306,idm,1,0.03881197538461538,0.08709652486153846,0.058207527953846164,0.1476200399053846,0.3317360681053846,ORGANIC_CONTROL
The Wiggles,50,129139.7,children,1,0.028569469387755102,0.06332256792244896,0.11767683405714287,0.11345777609081632,0.32302664745816323,ORGANIC_CONTROL
Rei Harakami,27,252631.85185185185,idm,1,0.02180939601139601,0.04494497720797722,0.09502219635327633,0.1604165630233618,0.32219313259601134,ORGANIC_CONTROL
Rain Sounds,43,137096.90697674418,sleep,1,0.011591756378737543,0.21115798103987485,0.0004487593372093024,0.09216552886922777,0.31536402562504945,ORGANIC_CONTROL
KT Tunstall,27,230299.40740740742,"acoustic,singer-songwriter,songwriter",3,0.011804310541310545,0.10093190028490032,0.06979197720797721,0.12218245584045583,0.3047106438746439,ORGANIC_CONTROL
Plaid,28,238049.89285714287,idm,1,0.02030275661375661,0.06414203231574073,0.08469739506613755,0.13173543020270986,0.30087761419834474,ORGANIC_CONTROL
Kelpe,12,231015.58333333334,idm,1,0.03182554545454546,0.08078862810606062,0.030091785151515157,0.1541971462878788,0.29690310500000006,ORGANIC_CONTROL
Aphex Twin,15,288935.4,"ambient,electronic",2,0.03905749523809524,0.07455992971428571,0.05111062352380953,0.12889724457142854,0.29362529304761903,ORGANIC_CONTROL
Martin Shamoonpour,12,256986.41666666666,iranian,1,0.021537356060606062,0.1097394062878788,0.08606630446969697,0.07132808333333333,0.2886711501515152,ORGANIC_CONTROL
Nature Sounds,35,307377.17142857146,sleep,1,0.020954189882352942,0.12840890214000003,0.0003455210416806722,0.13891402156158894,0.2886226346256226,ORGANIC_CONTROL
Alireza Mashayekhi,13,568307.7692307692,iranian,1,0.02196009141025641,0.04904838969701244,0.11148906243589742,0.10516445076923077,0.28766199431239703,ORGANIC_CONTROL
Catie Turner,22,182993.81818181818,"singer-songwriter,songwriter",2,0.012608831168831172,0.06673310822510825,0.034426943722943734,0.17235056277056277,0.2861194458874459,ORGANIC_CONTROL
Bogdan Raczynski,20,197205.05,idm,1,0.01633877894736842,0.0917651739736842,0.03792071186842105,0.13990549467362273,0.2859301594630964,ORGANIC_CONTROL
Silent Knights,25,148291.04,sleep,1,0.01784841666666667,0.13918437356050667,0.0011231324906666666,0.1246645634201005,0.28282048613794053,ORGANIC_CONTROL
Aitana,11,191849.63636363635,"latin,spanish",2,0.025732563636363632,0.036343018181818176,0.06887965454545456,0.1517213684218182,0.28267660478545453,ORGANIC_CONTROL
alva noto,14,318612.4285714286,idm,1,0.09203928554945057,0.034569277637362644,0.004495016318681319,0.14843843892582417,0.2795420184313187,ORGANIC_CONTROL
The Velvet Underground,13,269535.1538461539,"alt-rock,alternative,folk,psych-rock",4,0.00664676923076923,0.07185873076923076,0.041646730769230776,0.15881175762564104,0.2789639883948718,ORGANIC_CONTROL
Yura Yunita,10,221440.9,"j-pop,jazz,singer-songwriter,songwriter",4,0.02772801111111111,0.07775389566666667,0.03683490000000001,0.13642587777777776,0.27874268455555556,ORGANIC_CONTROL
Boards of Canada,19,274386.4736842105,"ambient,trip-hop",2,0.03336533473684211,0.05559827766081872,0.08565760730994154,0.10314869496711113,0.2777699146747135,ORGANIC_CONTROL
Clairo,10,188601.5,"indie,indie-pop",2,0.012276011111111106,0.054576487111111106,0.08482943333333333,0.1259697333333333,0.27765166488888887,ORGANIC_CONTROL
Casino Versus Japan,30,234290.06666666668,idm,1,0.03327860998850574,0.035705750678160925,0.09227291775862069,0.11598161245770397,0.2772388908829913,ORGANIC_CONTROL
Mouse On Mars,10,261308.3,idm,1,0.019627566666666665,0.046010622222222214,0.06199071111111111,0.14241479141777777,0.27004369141777773,ORGANIC_CONTROL
Ed Sheeran,13,236745.3076923077,pop,1,0.012989269230769233,0.0582965641025641,0.08265306410256408,0.11529355415256409,0.2692324515884615,ORGANIC_CONTROL
White Noise Baby Sleep,10,364155.5,sleep,1,0.005261527111111112,0.09447371292105344,0.000986271521111111,0.16839742597798474,0.2691189375312604,ORGANIC_CONTROL
Datassette,14,254206.42857142858,idm,1,0.01676048901098901,0.04605264285714286,0.056988218021978024,0.14823036489747804,0.2680317147875879,ORGANIC_CONTROL
Bethel Music;Jonathan David Helser;Melissa Helser,14,363020.4285714286,"ambient,world-music",2,0.0023581098901098896,0.07449257142857144,0.012717054945054948,0.17799770604395604,0.2675654423076923,ORGANIC_CONTROL
Canned Heat,10,183285.1,"blues,country,folk,psych-rock",4,0.0070404000000000005,0.046735655555555554,0.04597555555555556,0.1645388888888889,0.26429050000000004,ORGANIC_CONTROL
告五人,16,296067.5625,mandopop,1,0.013261583333333334,0.059581,0.051529466666666676,0.13815937716666665,0.26253142716666666,ORGANIC_CONTROL
Ocean Waves For Sleep,16,144370.9375,sleep,1,0.0031460206666666666,0.12712845730666666,3.137253291666667e-05,0.125946032785,0.25625188329125,ORGANIC_CONTROL
Karunesh,15,364577.26666666666,new-age,1,0.044506993142857144,0.03095363809523809,0.058500301238095236,0.11411616282666667,0.24807709530285715,ORGANIC_CONTROL
arai tasuku,37,143202.7027027027,idm,1,0.0315625840840841,0.07450684537132132,0.027048541396396397,0.1142564832718048,0.24737445412360662,ORGANIC_CONTROL
j-hope,10,144969.2,k-pop,1,0.007664766666666668,0.03497605555555555,0.10187248888888889,0.10280347993444444,0.24731679104555554,ORGANIC_CONTROL
Siavash Amini,13,379867.23076923075,iranian,1,0.03735482089743591,0.07317807692307693,0.00634343923076923,0.13039581461725638,0.24727215166853844,ORGANIC_CONTROL
Kettel,11,158934.63636363635,idm,1,0.023980472727272727,0.04631149090909091,0.06197532818181818,0.11484078982727272,0.24710808164545453,ORGANIC_CONTROL
Gal Costa,11,242082.18181818182,"mpb,samba",2,0.02122167272727273,0.05437007272727272,0.06152005454545455,0.1088479,0.2459597,ORGANIC_CONTROL
Hanare Gumi,13,285178.6153846154,"acoustic,j-rock",2,0.01015180769230769,0.06418712064102562,0.027413897435897436,0.14391773076923076,0.2456705565384615,ORGANIC_CONTROL
Connie Francis,19,156325.31578947368,"r-n-b,rock-n-roll,rockabilly",3,0.021025988304093565,0.06747565497076022,0.1315242865497076,0.019536040935672513,0.2395619707602339,ORGANIC_CONTROL
Nine Inch Nails,25,293392.96,"electronic,industrial,metal",3,0.018307026666666667,0.0715931606,0.062311731766666656,0.08731088599782333,0.23952280503115664,ORGANIC_CONTROL
Lana Del Rey,14,267747.21428571426,pop,1,0.022284879120879123,0.0575412967032967,0.016746093021978024,0.14037115500000003,0.23694342384615386,ORGANIC_CONTROL
Frank Ocean,17,243549.58823529413,soul,1,0.023107014705882355,0.032954153823529425,0.04767325735294118,0.13214659097647058,0.23588101685882354,ORGANIC_CONTROL
ABBA,71,232635.87323943662,swedish,1,0.016089049094567407,0.07853716740442655,0.03617448531187123,0.104804444249497,0.2356051460603622,ORGANIC_CONTROL
Pink Noise,11,193657.9090909091,sleep,1,0.007995072727272729,0.1132303665803609,0.003736095999999999,0.10774480281818674,0.23270633812582037,ORGANIC_CONTROL
Cory Asbury,11,257019.45454545456,world-music,1,0.01165121818181818,0.05637673454545454,0.022745272727272732,0.14159286563636364,0.23236609109090908,ORGANIC_CONTROL
Maisie Peters,30,189315.73333333334,"indie,indie-pop",2,0.021103178160919545,0.054993334482758616,0.027388217241379312,0.1286947609195402,0.23217949080459768,ORGANIC_CONTROL
White Noise for Babies,38,182002.31578947368,sleep,1,0.005548146635846372,0.10444904878744807,0.00015931302588904694,0.12175685589452345,0.23191336434370693,ORGANIC_CONTROL
Marisa Monte,12,200092.91666666666,mpb,1,0.01719353787878788,0.04318536363636363,0.0689009696969697,0.09946474062045456,0.22874461183257577,ORGANIC_CONTROL
Alan Menken,53,125449.7358490566,"disney,show-tunes",2,0.020208654390420897,0.04565258965166908,0.02272763062409289,0.13984913537329466,0.22843801003947753,ORGANIC_CONTROL
The Magnetic Fields,14,160763.5,club,1,0.01531356593406593,0.041898796703296694,0.05706969230769231,0.11355425917582421,0.22783631412087912,ORGANIC_CONTROL
Bo Kaspers Orkester,17,238588.64705882352,"j-pop,jazz,swedish",3,0.009190117647058823,0.04463874264705882,0.08306831617647058,0.09033513847647057,0.22723231494705878,ORGANIC_CONTROL
The Avett Brothers,39,263573.1282051282,"bluegrass,folk,r-n-b",3,0.00635941835357625,0.0641663859649123,0.06720441430499322,0.08873881175438596,0.22646903037786772,ORGANIC_CONTROL
Imelda May,18,186149.16666666666,rockabilly,1,0.025561124183006535,0.0438506045751634,0.06349622222222223,0.09294082298500654,0.2258487739653987,ORGANIC_CONTROL
Top of the Bus,13,112316.38461538461,kids,1,0.011239025641025642,0.056797307692307696,0.07068793589743588,0.08666156333333332,0.22538583256410255,ORGANIC_CONTROL
creamy;untrusted;11:11 Music Group,14,169065.7857142857,"chill,sad",2,0.017531670329670332,0.04347253296703297,0.02816043956043956,0.13601223384615385,0.22517687670329672,ORGANIC_CONTROL
Veronica Maggio,12,199054.75,swedish,1,0.011524265151515146,0.046316992424242434,0.04726820454545455,0.11905574100833335,0.2241652031295455,ORGANIC_CONTROL
Barış Manço,32,233425.6875,"psych-rock,turkish",2,0.022981829637096777,0.041315676118951615,0.06630604838709678,0.09297407738024194,0.2235776315233871,ORGANIC_CONTROL
Gabriel Guedes de Almeida,17,275768.4117647059,"brazil,gospel",2,0.011706132352941177,0.04099793382352941,0.013891757352941177,0.15679329404411765,0.22338911757352942,ORGANIC_CONTROL
Everything But The Girl,37,215739.86486486485,"electronic,trip-hop",2,0.019759951951951953,0.04841496696696696,0.05220908858858859,0.10209199497747747,0.22247600248498497,ORGANIC_CONTROL
Super Simple Songs,36,143065.44444444444,children,1,0.02462585634920635,0.03601731107142857,0.055408177777777776,0.10589759303968255,0.22194893823809525,ORGANIC_CONTROL
A Great Big World,13,218863.23076923078,"acoustic,piano",2,0.009104243589743587,0.07761269230769231,0.01981160256410256,0.11446410307692308,0.22099264153846154,ORGANIC_CONTROL
Randy Newman,60,168047.9,"disney,singer-songwriter,songwriter",3,0.03834953799717512,0.039931453128220336,0.08043019063276836,0.06101380077683615,0.21972498253499997,ORGANIC_CONTROL
Four Tops,21,272847.85714285716,"disco,funk,soul",3,0.01633195714285714,0.03996090000000001,0.09666719047619046,0.06646973347619048,0.21942978109523809,ORGANIC_CONTROL
Djavan,19,266874.05263157893,mpb,1,0.022726005847953215,0.039993707602339175,0.06723368590643275,0.08838398923976608,0.2183373885964912,ORGANIC_CONTROL
Eddie Vedder,16,182679.3125,acoustic,1,0.012724795833333332,0.037845449999999996,0.04609760362500001,0.12089744802291667,0.21756529748125,ORGANIC_CONTROL
Billy Joel,51,267461.6666666667,"folk,piano,rock,singer-songwriter,songwriter",5,0.020544656470588233,0.06624588843137254,0.04787448705882353,0.08226412753725489,0.21692915949803918,ORGANIC_CONTROL
Elton John,32,260649.3125,piano,1,0.019741092741935487,0.041270732862903226,0.06480424899193549,0.09061109313508064,0.21642716773185483,ORGANIC_CONTROL
Leila Bela,23,63305.739130434784,iranian,1,0.02982705533596838,0.09194993575138337,0.015850771462450595,0.07799615794466404,0.21562392049446638,ORGANIC_CONTROL
Crows in the Rain,28,479905.39285714284,iranian,1,0.014631359788359789,0.018771632314814816,0.0007470837433862434,0.1805074344784061,0.21465751032496694,ORGANIC_CONTROL
CASTLEBEAT,10,193598.4,garage,1,0.006373822222222222,0.01619248888888889,0.08253933377777778,0.10943913368643833,0.21454477857532722,ORGANIC_CONTROL
Hans Zimmer;Henning Lohner;Martin Tillman;Fiachra Trench,14,312100.64285714284,german,1,0.027525879560439562,0.014767564395604395,0.005338046153846153,0.16679559258241758,0.2144270826923077,ORGANIC_CONTROL
The Countdown Kids,35,164193.88571428572,children,1,0.022276055462184877,0.04813893781512605,0.05364749915966386,0.08945949798571429,0.21352199042268907,ORGANIC_CONTROL
The Kiboomers,47,107610.70212765958,children,1,0.028956455134135056,0.0513786038760407,0.07025033950971321,0.06266658649398706,0.21325198501387602,ORGANIC_CONTROL
Faithless;Rollo Armstrong;Sister Bliss,11,230592.36363636365,trip-hop,1,0.004274800000000001,0.034936218181818184,0.0738582729090909,0.09905249822727273,0.21212178931818182,ORGANIC_CONTROL
Rival Consoles,38,306344.2368421053,"ambient,idm",2,0.027847198435277384,0.03849281934566145,0.027129132716927455,0.11770949908365078,0.21117864958151705,ORGANIC_CONTROL
Roberto Carlos,18,241069.27777777778,mpb,1,0.013884617647058825,0.025252147058823532,0.06201967320261438,0.10922513624183007,0.21038157415032682,ORGANIC_CONTROL
The Doors,27,272921.6666666667,"psych-rock,rock",2,0.01959754131054131,0.03584879487179487,0.0789722959259259,0.07582649862763534,0.21024513073589743,ORGANIC_CONTROL
Håkan Hellström,183,279075.75409836066,"goth,indie-pop,swedish",3,0.020340909986188673,0.055089894311951694,0.03297047410616706,0.10117844234819345,0.2095797207525009,ORGANIC_CONTROL
Yanni,43,302525.6976744186,new-age,1,0.01949463565891473,0.0646787411295681,0.029625827685492802,0.09521215397563679,0.20901135844961244,ORGANIC_CONTROL
The Wood Brothers,23,246698.86956521738,"bluegrass,blues,j-rock",3,0.009092996047430829,0.05333422529644269,0.047243199367588924,0.09890497029381819,0.20857539100528064,ORGANIC_CONTROL
Glee Cast,139,212911.41007194246,club,1,0.02134956636429986,0.04638591074966114,0.05065824323532478,0.08994813173319383,0.2083418520824796,ORGANIC_CONTROL
Chris Janson,12,197530.41666666666,country,1,0.01774851515151515,0.033361242424242425,0.05399224242424243,0.1018311402272727,0.20693314022727272,ORGANIC_CONTROL
La Oreja de Van Gogh,15,236708.13333333333,"latin,rock,spanish",3,0.012617685714285716,0.049904523809523815,0.02129880952380953,0.12285867635523809,0.20667969540285716,ORGANIC_CONTROL
Stupeflip,10,239107.7,french,1,0.014274455555555557,0.03477804444444445,0.07718481611111111,0.07991285511111113,0.20615017122222223,ORGANIC_CONTROL
The Fray,11,244908.72727272726,"piano,rock",2,0.019337854545454544,0.0602470909090909,0.019853999999999997,0.10660092164327273,0.20603986709781819,ORGANIC_CONTROL
Elvis Presley,169,167105.07692307694,"rock,rock-n-roll,rockabilly",3,0.01860499781628628,0.050500846071428566,0.06851329353338967,0.0681999191702862,0.20581905659139071,ORGANIC_CONTROL
Nathan Kawanishi,23,120641.56521739131,study,1,0.01529317391304348,0.029390719367588934,0.07615149407114624,0.08301494861660078,0.20385033596837943,ORGANIC_CONTROL
aswekeepsearching,16,263262.125,ambient,1,0.016088529166666667,0.04693519583333334,0.005473528625,0.13523899029166667,0.20373624391666667,ORGANIC_CONTROL
Bethel Music;Jenn Johnson,14,359458.5,"ambient,world-music",2,0.005645917582417582,0.047920335164835175,0.011062909010989013,0.13844125104395605,0.2030704128021978,ORGANIC_CONTROL
XXXTENTACION,76,127792.53947368421,"emo,hip-hop",2,0.023483669298245614,0.032741655359649124,0.045891126826315784,0.10063657280565778,0.2027530242898683,ORGANIC_CONTROL
Donna Summer,12,343830.75,disco,1,0.01690360606060606,0.027767878787878786,0.11208171969696969,0.045727148406060604,0.20248035295151515,ORGANIC_CONTROL
Sheryl Crow,18,250201.33333333334,"singer-songwriter,songwriter",2,0.0071385359477124195,0.04656282352941176,0.06796376470588235,0.08028300934117648,0.201948133524183,ORGANIC_CONTROL
Ray LaMontagne,11,278327.0,acoustic,1,0.007602472727272727,0.03244609090909091,0.07288925454545456,0.0887868109090909,0.2017246290909091,ORGANIC_CONTROL
Lauv,20,190310.25,"dance,electro,pop",3,0.012014976315789473,0.034670799999999995,0.05183788421052632,0.10236046470394737,0.20088412523026317,ORGANIC_CONTROL
Cyndi Wang,10,229766.1,mandopop,1,0.01385671111111111,0.04313693333333333,0.07049648888888889,0.07338512222222221,0.20087525555555555,ORGANIC_CONTROL
Hillsong Young & Free,37,273630.86486486485,world-music,1,0.012140575075075075,0.05173605855855855,0.04360352312312313,0.09324912159166969,0.20072927834842644,ORGANIC_CONTROL
Enigma,49,270091.1224489796,new-age,1,0.021445195578231293,0.04086676499999999,0.03509069583333333,0.10312564083537416,0.20052829724693877,ORGANIC_CONTROL
Yann Tiersen,12,152081.83333333334,"ambient,french",2,0.023178787878787875,0.03136213151515151,0.13110107515151515,0.0147737196969697,0.20041571424242424,ORGANIC_CONTROL
Adele,73,261156.8219178082,"british,soul",2,0.02111908637747336,0.03599273439878234,0.026149622149923894,0.11692815410989346,0.20018959703607306,ORGANIC_CONTROL
Ingrid Andress,20,202495.6,country,1,0.0033559578947368416,0.031456515789473685,0.012417778947368424,0.15275428589473683,0.19998453852631579,ORGANIC_CONTROL
Raghu Dixit,36,255622.88888888888,"folk,indian,k-pop,rock",4,0.02318687857142857,0.043774701587301595,0.052262987301587294,0.07984781849999999,0.19907238596031746,ORGANIC_CONTROL
Bethel Music;Steffany Gretzinger,10,386812.0,"ambient,world-music",2,0.011277155555555555,0.011499733333333336,0.027979678222222224,0.1482860133333333,0.19904258044444442,ORGANIC_CONTROL
Faber,11,234195.81818181818,german,1,0.01611716363636364,0.05796501818181819,0.03700814454545455,0.0865467609090909,0.19763708727272727,ORGANIC_CONTROL
Faith Hill,13,220317.76923076922,country,1,0.013295435897435898,0.041924750769230766,0.07486684935897435,0.06702531435897434,0.19711235038461536,ORGANIC_CONTROL
Hiroyuki Sawano,37,256697.27027027027,anime,1,0.03502418618618618,0.06974853603603606,0.030712928048048052,0.06105260815403605,0.19653825842430633,ORGANIC_CONTROL
Wolves In The Throne Room,12,558523.5,black-metal,1,0.0007988699242424243,0.09483399999999999,0.001556529090909091,0.0992021345310977,0.19639153354624922,ORGANIC_CONTROL
The Lemonheads,35,162287.6,power-pop,1,0.011336478991596637,0.07073049915966387,0.03212486890756302,0.08066543224224705,0.19485727930107058,ORGANIC_CONTROL
Kemuel,57,317917.4561403509,"brazil,gospel,groove",3,0.011817145363408523,0.03371254573934837,0.03284213152882206,0.11626103772976192,0.19463286036134086,ORGANIC_CONTROL
Phil Wickham,40,285297.225,"alt-rock,alternative,world-music",3,0.006765976923076922,0.06209177179487179,0.008537985615384614,0.11681502984600961,0.19421076417934294,ORGANIC_CONTROL
Limão Com Mel,17,238060.88235294117,forro,1,0.005817904411764706,0.03583968382352941,0.03795686029411765,0.11382476257352941,0.19343921110294118,ORGANIC_CONTROL
De-Phazz,13,255360.3076923077,trip-hop,1,0.010486576923076925,0.024896743589743586,0.08902246102564104,0.06890869637692307,0.1933144779153846,ORGANIC_CONTROL
Michael Kiwanuka,11,330171.7272727273,"british,soul",2,0.018022290909090907,0.023003290909090906,0.08481852090909091,0.06743392999999998,0.1932780327272727,ORGANIC_CONTROL
Corinne Bailey Rae,12,211347.58333333334,"british,r-n-b,soul",3,0.02700215151515151,0.014362151515151517,0.02932784090909091,0.12226947727272726,0.1929616212121212,ORGANIC_CONTROL
Henry Jackman,14,267015.9285714286,british,1,0.02148686263736264,0.04530315148351649,0.013824628626373627,0.1114868133653846,0.19210145611263735,ORGANIC_CONTROL
Leon Lai,18,238731.72222222222,cantopop,1,0.0072693594771241835,0.04079897058823529,0.04141939869281046,0.10231366740163399,0.1918013961598039,ORGANIC_CONTROL
Joe Vasconcellos,11,239079.0909090909,"alt-rock,folk,ska",3,0.01742461818181818,0.042951563636363634,0.045779854545454544,0.085540176,0.19169621236363635,ORGANIC_CONTROL
Glen Campbell,13,186299.07692307694,"country,folk,r-n-b,singer-songwriter,songwriter",5,0.021641410256410254,0.04361141025641027,0.10704692307692308,0.019098348076923077,0.1913980916666667,ORGANIC_CONTROL
Tony Anderson,13,326541.46153846156,ambient,1,0.022414692307692306,0.018508859102564102,0.039208012564102564,0.11035199025641025,0.19048355423076924,ORGANIC_CONTROL
Stumbleine,11,216672.27272727274,idm,1,0.01686687272727273,0.033200290909090914,0.021220112181818192,0.11888892416545453,0.19017619998363636,ORGANIC_CONTROL
Ochre,26,260031.88461538462,idm,1,0.02293872615384615,0.03674776,0.026808549799999998,0.10348644553615383,0.18998148148999996,ORGANIC_CONTROL
Wu Bai,16,264737.8125,"mandopop,singer-songwriter,songwriter",3,0.004873183333333333,0.018267129166666667,0.028143316666666657,0.13825256117291668,0.18953619033958333,ORGANIC_CONTROL
Ben Rector,15,221228.0,"acoustic,piano",2,0.003965257142857143,0.07311174285714286,0.010910780952380952,0.10138213686857143,0.1893699178209524,ORGANIC_CONTROL
Cem Karaca,34,247399.61764705883,"psych-rock,turkish",2,0.01819922370766488,0.042760909982174695,0.023623954545454545,0.10478212474866311,0.18936621298395723,ORGANIC_CONTROL
The 1975,42,257003.45238095237,"alt-rock,alternative,rock",3,0.006974149245063881,0.03821192857142857,0.07099099682346109,0.07253082196724331,0.18870789660719686,ORGANIC_CONTROL
Two Lone Swordsmen,13,241958.53846153847,idm,1,0.04988307692307692,0.019994064102564105,0.057853417435897427,0.060773085541365894,0.18850364400290434,ORGANIC_CONTROL
Michael Bublé,41,201736.9024390244,"j-pop,jazz",2,0.019497597560975605,0.041669087804878054,0.0264180012195122,0.10059762695609757,0.18818231354146342,ORGANIC_CONTROL
Floyd Cramer,36,149734.88888888888,honky-tonk,1,0.016540065873015874,0.04827537777777778,0.07241071428571429,0.05064513015873016,0.1878712880952381,ORGANIC_CONTROL
Kvatro,19,224178.52631578947,romance,1,0.022621093567251463,0.033315923976608194,0.0596208854385965,0.07189949707602337,0.18745740005847952,ORGANIC_CONTROL
Idina Menzel,17,200388.82352941178,show-tunes,1,0.018876720588235304,0.03536160058823529,0.07176374264705883,0.0606517443882353,0.18665380821176472,ORGANIC_CONTROL
Lionel Richie,17,269009.9411764706,"disco,rock",2,0.012606125,0.05620236764705882,0.06604513882352941,0.05177420529411764,0.18662783676470587,ORGANIC_CONTROL
George Strait,17,154210.11764705883,"country,rock",2,0.015619999999999998,0.0401660955882353,0.06040448529411765,0.0701455761029412,0.18633615698529415,ORGANIC_CONTROL
Simply Red,16,237482.875,"british,r-n-b,soul",3,0.0024113999999999997,0.04890571666666667,0.09586973333333333,0.03905198515624999,0.18623883515624998,ORGANIC_CONTROL
The White Stripes,24,185796.125,"alt-rock,alternative,blues,garage,punk,punk-rock,rock",7,0.018452085144927535,0.039446318840579704,0.022466086956521733,0.10585342746358695,0.1862179184056159,ORGANIC_CONTROL
Melorman,16,256808.25,idm,1,0.0262151625,0.020846695833333335,0.042240577999999994,0.09620610623958334,0.18550854257291666,ORGANIC_CONTROL
Pete Bernhard,26,228236.07692307694,honky-tonk,1,0.008019964615384617,0.024375224615384612,0.05719555846153846,0.0951949046153846,0.18478565230769228,ORGANIC_CONTROL
Hans Zimmer,45,263546.4666666667,german,1,0.023103670555555553,0.03112178913737373,0.0034147181010101,0.1270625543381818,0.18470273213212118,ORGANIC_CONTROL
Brett Eldredge,23,190650.0,country,1,0.020261300395256917,0.034677588932806334,0.02850230039525692,0.10028758264822137,0.18372877237154153,ORGANIC_CONTROL
Luis Alberto Spinetta,18,248147.77777777778,"alt-rock,punk,punk-rock",3,0.015241205882352941,0.048754173202614375,0.036935882352941166,0.08267320300653595,0.18360446444444445,ORGANIC_CONTROL
Mike Oldfield,18,322531.55555555556,new-age,1,0.013281202614379085,0.03946652264705883,0.057895299477124185,0.0718775825163399,0.182520607254902,ORGANIC_CONTROL
Skylar Grey,14,223890.85714285713,piano,1,0.003575956043956043,0.03958284065934066,0.009400839395604396,0.12945075591923078,0.18201039201813188,ORGANIC_CONTROL
Damien Rice,12,291901.8333333333,"singer-songwriter,songwriter",2,0.02067115151515151,0.004977696969696971,0.038678328787878795,0.11686751515151514,0.1811946924242424,ORGANIC_CONTROL
Play School,16,79271.1875,children,1,0.017855329166666666,0.039160678958333334,0.06435072916666668,0.059347583333333336,0.180714320625,ORGANIC_CONTROL
Anenon,10,245159.0,idm,1,0.033179377777777776,0.03837182222222223,0.012777214333333332,0.09584978888888887,0.1801782032222222,ORGANIC_CONTROL
Granular,35,122806.14285714286,sleep,1,0.010505837394957985,0.08383624927791375,0.0053165954146218485,0.08046717854201679,0.1801258606295104,ORGANIC_CONTROL
Los Hermanos,38,219136.8947368421,"alt-rock,brazil,mpb,r-n-b",4,0.030947559743954477,0.03685230725462304,0.06159972190611663,0.050450273524324324,0.17984986242901846,ORGANIC_CONTROL
Cristian,15,253196.2,spanish,1,0.014914838095238095,0.02456278095238095,0.04905426666666667,0.09100236128380952,0.17953424699809523,ORGANIC_CONTROL
Alcest,13,392325.76923076925,black-metal,1,0.014602641025641029,0.0441094358974359,0.004740608974358974,0.11559917463816645,0.17905186053560235,ORGANIC_CONTROL
Seekae,11,245052.72727272726,idm,1,0.028921218181818177,0.027155872727272722,0.02574957690909091,0.09722440428045455,0.17905107209863635,ORGANIC_CONTROL
Rod Stewart,11,246277.18181818182,rock,1,0.015383363636363634,0.048774618181818184,0.046736763636363636,0.06803828963636363,0.17893303509090908,ORGANIC_CONTROL
Cooltime Kids,61,160730.73770491802,"kids,party",2,0.01626425355191257,0.026609920218579233,0.030231166666666663,0.10581069895179455,0.178916039388953,ORGANIC_CONTROL
Kenny Rogers,10,191843.1,country,1,0.008432766666666668,0.02833226666666666,0.07398445555555556,0.06770377822222222,0.17845326711111112,ORGANIC_CONTROL
Nightmares On Wax,17,290610.1176470588,"electronic,jazz,techno,trip-hop",4,0.016887470588235295,0.02416011764705883,0.05826021779411764,0.07911915102352943,0.1784269570529412,ORGANIC_CONTROL
SOPHIE,11,208081.0909090909,club,1,0.04558509090909091,0.04485645454545454,0.07375569454545454,0.014219698454054547,0.17841693845405454,ORGANIC_CONTROL
Jax,50,174954.28,"singer-songwriter,songwriter",2,0.004531944489795919,0.027515836734693887,0.004809577142857142,0.1414734469387755,0.17833080530612244,ORGANIC_CONTROL
Michael Jackson,16,269947.9375,soul,1,0.020503733333333336,0.038933716666666666,0.05525158333333334,0.06362174133333333,0.17831077466666667,ORGANIC_CONTROL
Winona Oak,10,202816.3,swedish,1,0.003001066666666668,0.01608284444444444,0.014301824999999999,0.14489640000000004,0.17828213611111116,ORGANIC_CONTROL
Autechre,24,432192.9583333333,idm,1,0.022799780797101446,0.042832434782608696,0.04903295389492753,0.06333659311304349,0.17800176258768116,ORGANIC_CONTROL
EGOIST,13,247018.0,"anime,j-pop,j-rock",3,0.009841333333333334,0.06187402564102563,0.05623333333333335,0.049990653318602564,0.17793934562629488,ORGANIC_CONTROL
Ocoeur,17,290976.64705882355,idm,1,0.04549375,0.05895288220588236,0.003671025,0.06969309558823528,0.17781075279411762,ORGANIC_CONTROL
Lianne La Havas,34,231617.9411764706,"british,r-n-b,soul",3,0.011478446524064172,0.009326609625668449,0.04343492780748664,0.11354719946524064,0.1777871834224599,ORGANIC_CONTROL
The Kinks,16,186106.625,"british,psych-rock",2,0.004018895833333333,0.05610899583333333,0.043580383333333333,0.07401136200000001,0.177719637,ORGANIC_CONTROL
Linn da Quebrada,20,196595.35,club,1,0.017805778947368418,0.0389288,0.039857947368421055,0.08094697523684209,0.17753950155263157,ORGANIC_CONTROL
Paolo Nutini,39,221796.92307692306,"british,singer-songwriter,songwriter,soul",4,0.017844060728744938,0.04340502887989203,0.04481042726045884,0.07111602834008098,0.17717554520917678,ORGANIC_CONTROL
Arca,23,170676.91304347827,club,1,0.043139059288537555,0.03389499209486166,0.05510952256916997,0.04498433110790514,0.17712790506047432,ORGANIC_CONTROL
Nickel Creek,26,259535.1923076923,bluegrass,1,0.014724253846153848,0.037603212615384615,0.04041808153846154,0.08415816653846153,0.17690371453846154,ORGANIC_CONTROL
Aline Barros,41,271174.2926829268,"brazil,gospel",2,0.020873201219512198,0.02475990243902439,0.07710314730487805,0.054080545525243905,0.17681679648865856,ORGANIC_CONTROL
RADWIMPS,67,287669.3880597015,"emo,j-pop,j-rock,k-pop,rock",5,0.022485146087743102,0.04480104161013116,0.03838481869742198,0.07051025355220714,0.1761812599475034,ORGANIC_CONTROL
Jéssica Augusto,12,345884.4166666667,"gospel,groove",2,0.011372,0.04186275,0.023406657196969702,0.09944289673560607,0.17608430393257576,ORGANIC_CONTROL
Arctic Monkeys,152,216788.19736842104,"garage,indie,rock",3,0.012178363846287905,0.05116577396305332,0.0411359743185779,0.07132117493840666,0.17580128706632578,ORGANIC_CONTROL
Shogo Hamada,15,307256.2,j-rock,1,0.013293495238095242,0.023379409523809524,0.06627026666666666,0.07236322394952381,0.17530639537809523,ORGANIC_CONTROL
Gowry Lekshmi,16,210926.0,malay,1,0.017344133333333334,0.019708229166666667,0.026190933333333336,0.11190023429166666,0.175143530125,ORGANIC_CONTROL
Eagles,27,304328.85185185185,"country,folk,rock,singer-songwriter,songwriter",5,0.016756814814814815,0.022186891737891738,0.03994548148148148,0.09599630594871794,0.17488549398290598,ORGANIC_CONTROL
Cássia Eller,15,219607.93333333332,"brazil,mpb",2,0.023060923809523813,0.06183069523809522,0.06629649523809525,0.023561552380952384,0.17474966666666666,ORGANIC_CONTROL
The Rolling Stones,60,282173.51666666666,"british,rock",2,0.015183698022598868,0.034822061864406784,0.051741568641242935,0.0728621872642517,0.17460951579250028,ORGANIC_CONTROL
Ben Woodward,13,194046.46153846153,"acoustic,chill",2,0.01908342307692308,0.04776708974358974,0.04577560256410257,0.06149541025641025,0.17412152564102562,ORGANIC_CONTROL
Little Dragon,14,223598.64285714287,"goth,synth-pop,trip-hop",3,0.022505324175824182,0.029295054945054945,0.060415032967032975,0.06145776366868131,0.1736731757565934,ORGANIC_CONTROL
Andrew Belle,19,265230.5789473684,"acoustic,folk",2,0.003207321637426902,0.03986947368421053,0.0152625916374269,0.11520654201260822,0.17354592897167254,ORGANIC_CONTROL
The Bangles,23,211882.4347826087,"disco,j-pop,j-rock,synth-pop",4,0.008551225296442687,0.05775445059288537,0.044394814229249006,0.0625405810624506,0.17324107118102766,ORGANIC_CONTROL
The Chainsmokers,47,192496.914893617,"dance,edm,electro,house",4,0.00909017391304348,0.027325645698427384,0.0486450610545791,0.08817221398334132,0.1732330946493913,ORGANIC_CONTROL
Choo Choo Soul,10,126195.6,"kids,party",2,0.01331426666666667,0.0662765,0.02146888888888889,0.07210909611111112,0.17316875166666668,ORGANIC_CONTROL
Charly García,66,239188.71212121213,"alt-rock,alternative,latin,punk,punk-rock",5,0.010602094172494175,0.02975853892773893,0.054969073193473196,0.07771438161496341,0.1730440879086697,ORGANIC_CONTROL
Led Zeppelin,25,322812.12,"hard-rock,rock",2,0.010852083333333332,0.05360509333333333,0.06352570693333333,0.04501862157782668,0.17300150517782667,ORGANIC_CONTROL
Fejo,21,189421.57142857142,malay,1,0.015240661904761902,0.04360442857142857,0.02123942857142857,0.09283689357142857,0.17292141261904762,ORGANIC_CONTROL
Miguel Bosé,14,267194.85714285716,spanish,1,0.010555494505494506,0.04060591208791209,0.061284269230769246,0.060408153406593404,0.17285382923076925,ORGANIC_CONTROL
Pink Sweat$,59,156983.30508474575,"chill,pop,soul",3,0.004866724137931033,0.03182800935125658,0.019986416715371127,0.115936254956166,0.17261740516072474,ORGANIC_CONTROL
Idlefon,14,310029.0714285714,iranian,1,0.02913087912087912,0.013894071428571428,0.007928161813186814,0.12159592889778571,0.17254904126042309,ORGANIC_CONTROL
George Benson,16,272531.6875,"disco,funk,guitar,j-rock,jazz,soul",6,0.021333049999999996,0.05078146666666668,0.07689842916666666,0.023186783333333336,0.17219972916666668,ORGANIC_CONTROL
Job Kurian,14,257658.2142857143,malay,1,0.015241038461538462,0.0200507967032967,0.055820862637362634,0.08083608373626373,0.17194878153846152,ORGANIC_CONTROL
"Phillips, Craig & Dean",11,270854.2727272727,world-music,1,0.00961967272727273,0.05193505454545454,0.009174613636363639,0.10103693782727274,0.17176627873636366,ORGANIC_CONTROL
Auli'i Cravalho,10,162191.0,"disney,show-tunes",2,0.005746844444444444,0.044964266666666676,0.005370044444444444,0.11512879219555557,0.17120994775111112,ORGANIC_CONTROL
Living Room,10,223246.8,jazz,1,0.014047211111111112,0.028842722222222228,0.017548988888888888,0.11029156343222223,0.17073048565444446,ORGANIC_CONTROL
Alison Krauss & Union Station,35,218750.57142857142,bluegrass,1,0.006656751260504201,0.04385576974789916,0.05764841890756303,0.0624716772605042,0.1706326171764706,ORGANIC_CONTROL
my little airport,171,149987.0994152047,cantopop,1,0.01059067120743034,0.028216410017199867,0.042964686811145514,0.0878822712822783,0.169654039318054,ORGANIC_CONTROL
Сергей Зыков,15,236517.0,romance,1,0.01107992380952381,0.04599606666666666,0.06870016695238094,0.04373463809523809,0.16951079552380952,ORGANIC_CONTROL
Tanya Chua,10,240457.6,mandopop,1,0.008684177777777776,0.03564911111111111,0.01447223333333333,0.11057115555555556,0.1693766777777778,ORGANIC_CONTROL
Bastille,13,194842.38461538462,rock,1,0.008990756410256411,0.03024339743589745,0.06201906410256411,0.06794491525641026,0.16919813320512822,ORGANIC_CONTROL
Elvis Costello,11,228937.9090909091,power-pop,1,0.024419454545454543,0.04633307272727272,0.05432136363636364,0.04400230090909091,0.16907619181818181,ORGANIC_CONTROL
Beat Oven,35,102470.62857142858,study,1,0.007265104201680673,0.02483471751260504,0.045508490756302526,0.09129370408519663,0.16890201655578488,ORGANIC_CONTROL
Brandi Carlile,13,229419.46153846153,"acoustic,folk",2,0.010616576923076921,0.04255505692307692,0.015793858974358973,0.09954706410256409,0.1685125569230769,ORGANIC_CONTROL
Joey Yung,13,243690.53846153847,cantopop,1,0.011836769230769232,0.040867025641025644,0.005904474358974358,0.10933101102564101,0.16793928025641025,ORGANIC_CONTROL
Dua Lipa,17,205461.0588235294,"dance,pop",2,0.009240558823529412,0.047598632352941185,0.034492691176470594,0.07655742448161765,0.16788930683455883,ORGANIC_CONTROL
Jason Mraz,51,218161.45098039217,"acoustic,rock",2,0.00632445019607843,0.03932126823529412,0.043279534470588236,0.07891403628235295,0.16783928918431373,ORGANIC_CONTROL
The Smiths,28,247597.82142857142,"punk,punk-rock,rock",3,0.015945369047619045,0.047577358465608476,0.04051936904761904,0.0632426370054762,0.16728473356632276,ORGANIC_CONTROL
Pink Guy,18,154342.38888888888,comedy,1,0.009234852941176472,0.021352735294117648,0.034935152026143786,0.10171059065751634,0.16723333091895423,ORGANIC_CONTROL
Mayday,15,274264.93333333335,mandopop,1,0.00436682857142857,0.03138849523809524,0.029939352380952373,0.10106132936380953,0.1667560055542857,ORGANIC_CONTROL
Alberto Vazquez,22,177629.0909090909,"r-n-b,rock-n-roll",2,0.013637084415584417,0.01525208658008658,0.05147822727272727,0.08591321428571429,0.16628061255411256,ORGANIC_CONTROL
Jerry Garcia Band;Jerry Garcia,11,485667.8181818182,bluegrass,1,0.006928963636363636,0.05137496363636364,0.03675619999999999,0.0709668409090909,0.16602696818181817,ORGANIC_CONTROL
Catupecu Machu,26,236142.46153846153,"alt-rock,alternative,punk,punk-rock",4,0.007973293846153848,0.035120424615384616,0.053194795384615384,0.06957257091511536,0.1658610847612692,ORGANIC_CONTROL
Timothy Infinite,62,148529.14516129033,study,1,0.009300474087784241,0.017584850343733475,0.03508757002908514,0.1036073921961925,0.16558028665679536,ORGANIC_CONTROL
Jota Quest,44,249522.86363636365,"brazil,mpb,r-n-b",3,0.011055718816067652,0.028425126321353075,0.04939527854122621,0.07564170043188317,0.16451782411053012,ORGANIC_CONTROL
Hans Zimmer;Lisa Gerrard;Gavin Greenaway;The Lyndhurst Orchestra,17,268125.9411764706,german,1,0.006834875000000001,0.022846791226470587,0.005748161544117647,0.1289132286764706,0.16434305644705882,ORGANIC_CONTROL
Vipa Music;Kenyaman,14,169405.7142857143,"dancehall,j-dance",2,0.008179324175824175,0.048151412087912085,0.08815224725274724,0.019848065934065937,0.16433104945054944,ORGANIC_CONTROL
Dusty Decks,35,145013.05714285714,study,1,0.008337070588235292,0.022701231932773108,0.028968047058823526,0.10427855045378152,0.16428490003361346,ORGANIC_CONTROL
sadeyes,18,139159.55555555556,"emo,sad",2,0.006950379084967322,0.025025751633986928,0.03853364705882353,0.0935434696104575,0.16405324738823526,ORGANIC_CONTROL
Indila,21,250949.09523809524,french,1,0.019949933333333333,0.033842847619047614,0.024270917476190482,0.0855484114761905,0.16361210990476194,ORGANIC_CONTROL
Legião Urbana,77,266069.8441558442,"brazil,mpb,r-n-b",3,0.019934510594668494,0.045247825017088183,0.042356912385509225,0.05589994201951435,0.16343919001678026,ORGANIC_CONTROL
31 Minutos,24,138287.95833333334,"latino,ska",2,0.017426666666666663,0.030740166666666666,0.03456938405797101,0.08066669847826087,0.1634029158695652,ORGANIC_CONTROL
Sachin Warrier,15,226943.06666666668,malay,1,0.008060638095238097,0.03713483809523809,0.02096920952380953,0.09712117142857143,0.16328585714285715,ORGANIC_CONTROL
XTC,11,240257.72727272726,power-pop,1,0.0028670181818181827,0.04335685454545455,0.05260896363636365,0.06401874472727273,0.1628515810909091,ORGANIC_CONTROL
No.1,19,225534.73684210525,turkish,1,0.006839052631578946,0.039496783625731,0.049541689883040946,0.06676115888743275,0.16263868502778364,ORGANIC_CONTROL
Seal,15,259953.4,"british,soul",2,0.01527754285714286,0.029349257142857143,0.05981998095238095,0.05787483809523809,0.16232161904761905,ORGANIC_CONTROL
Plastikman;Richie Hawtin,21,503771.4285714286,detroit-techno,1,0.017707414285714287,0.08751643333333334,0.017136135904761908,0.039819443377159515,0.16217942690096904,ORGANIC_CONTROL
Rolf Zuckowski,41,172652.9756097561,children,1,0.025107221951219512,0.03334019902439024,0.053077510975609754,0.050227548780487796,0.1617524807317073,ORGANIC_CONTROL
Florence + The Machine,14,233699.64285714287,alternative,1,0.009049340659340656,0.04478672527472526,0.002958554945054946,0.10479150077637363,0.1615861216554945,ORGANIC_CONTROL
"Sarah, the Illstrumentalist",87,139967.7356321839,study,1,0.00952808607324245,0.02186486367281476,0.04749282811013099,0.08254147371602033,0.16142725157220852,ORGANIC_CONTROL
Seiko Matsuda,118,252211.31355932204,"j-idol,j-pop,techno",3,0.01306556627553238,0.037471218233376784,0.053867162972620605,0.05680920700157177,0.16121315448310153,ORGANIC_CONTROL
Nirvana,85,220087.14117647058,"alt-rock,alternative,grunge,rock",4,0.014355308963585434,0.04189846694677871,0.043756342100840326,0.06097587765903638,0.16098599567024086,ORGANIC_CONTROL
Faye Wong,49,268711.0408163265,"cantopop,mandopop",2,0.014613291666666669,0.025516956632653066,0.014021101768707482,0.10669467517916666,0.16084602524719388,ORGANIC_CONTROL
Los Solitarios,21,165405.14285714287,rock-n-roll,1,0.015091490476190475,0.01977924761904762,0.027210490476190473,0.09871354990833761,0.16079477847976617,ORGANIC_CONTROL
Ado,18,226881.11111111112,j-pop,1,0.011204143790849674,0.052568457516339866,0.05009011764705883,0.04684878921697059,0.16071150817121896,ORGANIC_CONTROL
Seafret,13,218984.46153846153,folk,1,0.01000924358974359,0.02084239743589744,0.011858069743589742,0.11757825935897435,0.16028797012820512,ORGANIC_CONTROL
Jessie Ware,12,253383.25,"british,soul",2,0.022416878787878788,0.04439660606060606,0.03129608333333334,0.06204076829999998,0.16015033648181817,ORGANIC_CONTROL
David Bisbal,20,227564.7,"latin,rock,spanish",3,0.006558115789473684,0.0382753552631579,0.05922467368421053,0.055430799999999995,0.1594889447368421,ORGANIC_CONTROL
Şehinşah,12,205360.16666666666,turkish,1,0.011670606060606058,0.019868969696969697,0.08375638931818181,0.04389284878787878,0.15918881386363634,ORGANIC_CONTROL
Nat King Cole,102,138822.23529411765,jazz,1,0.024198474859250634,0.015476390958066397,0.10807249815569793,0.011194935837701417,0.15894229981071636,ORGANIC_CONTROL
shy martin,14,170181.14285714287,"electro,swedish",2,0.012531609890109891,0.021076027472527473,0.027933054945054953,0.09728060994505493,0.15882130225274724,ORGANIC_CONTROL
Nando Reis,23,258040.34782608695,"brazil,mpb",2,0.008286438735177868,0.04271814624505929,0.03529738339920948,0.07206843083003954,0.15837039920948617,ORGANIC_CONTROL
Jeff Mills,28,295747.46428571426,"detroit-techno,minimal-techno",2,0.008647846560846559,0.03304139682539683,0.06934656035714286,0.04723197157143767,0.15826777531482392,ORGANIC_CONTROL
Bersuit Vergarabat,28,245935.5357142857,"alt-rock,alternative,ska",3,0.0168433373015873,0.026492285714285715,0.06767230026455026,0.04725117692632276,0.15825910020674605,ORGANIC_CONTROL
Crate Diggers,12,96592.16666666667,study,1,0.0032949924242424264,0.013741969696969699,0.0364238409090909,0.10421452877165907,0.15767533180196208,ORGANIC_CONTROL
El Michels Affair,10,172661.0,afrobeat,1,0.007916233333333335,0.012330444444444442,0.055958225,0.08133241186777779,0.15753731464555557,ORGANIC_CONTROL
Hozier,38,240345.36842105264,"singer-songwriter,songwriter",2,0.010123926031294452,0.028494799431009955,0.03581405968705547,0.08289549024182077,0.15732827539118066,ORGANIC_CONTROL
Kailash Kher,41,279439.756097561,"folk,hip-hop,indian,pop-film",4,0.010957840243902438,0.03010309512195123,0.046231249999999995,0.06940542646048782,0.15669761182634148,ORGANIC_CONTROL
Jorge Drexler,52,226898.32692307694,afrobeat,1,0.011481573152337856,0.027646959276018103,0.048041230297888385,0.06929270262730015,0.1564624653535445,ORGANIC_CONTROL
The Party Cats,31,210109.2258064516,"kids,party",2,0.016487479569892473,0.0316720064516129,0.0329986129032258,0.07525873273059966,0.15641683165533082,ORGANIC_CONTROL
Ben Platt,23,226646.95652173914,show-tunes,1,0.011930430830039524,0.03340681422924901,0.019438237154150193,0.09146504782608694,0.15624053003952568,ORGANIC_CONTROL
Tristam,12,244973.83333333334,"dub,dubstep",2,0.021146696969696975,0.018484878787878786,0.012539351515151516,0.10399013068181819,0.15616105795454546,ORGANIC_CONTROL
Selena Gomez,10,209106.0,dance,1,0.02059662222222222,0.031446666666666664,0.04970992322222222,0.05429353804555557,0.1560467501566667,ORGANIC_CONTROL
John Mayer,62,236421.09677419355,"singer-songwriter,songwriter",2,0.010838711792702274,0.0287572966684294,0.036435587519830774,0.07959719576943416,0.15562879175039662,ORGANIC_CONTROL
Sweet Little Band,32,190759.28125,children,1,0.020363289314516128,0.005455765120967742,0.07698779125,0.05275393548387096,0.15556078116935484,ORGANIC_CONTROL
Jaleh Negari,10,242730.7,iranian,1,0.02171983122222222,0.07597085513888889,0.013299684888888889,0.04450183333333334,0.15549220458333335,ORGANIC_CONTROL
Los Hermanos Carrion,10,170537.4,rock-n-roll,1,0.007378722222222223,0.0408929888888889,0.03743515555555555,0.06966275814333332,0.15536962481,ORGANIC_CONTROL
Shane & Shane,16,279896.75,world-music,1,0.012495095833333332,0.021721983333333337,0.03889133333333334,0.08217074229166667,0.15527915479166668,ORGANIC_CONTROL
Deep Purple,39,320643.6666666667,"blues,hard-rock,metal,psych-rock",4,0.012652466936572203,0.04163843049932523,0.055994678866396766,0.044651088748009445,0.15493666505030365,ORGANIC_CONTROL
Nikolai Erdenko,29,199666.8620689655,romance,1,0.017602935960591138,0.03193992428571429,0.08111959694581282,0.024132820197044335,0.15479527738916257,ORGANIC_CONTROL
Kristen Anderson-Lopez;Robert Lopez,12,185132.41666666666,disney,1,0.026325901515151514,0.03468965909090909,0.011441363863636362,0.08229210616590908,0.15474903063560605,ORGANIC_CONTROL
Priest,11,236196.18181818182,"industrial,synth-pop",2,0.013944018181818183,0.01533861818181818,0.12486270690909089,0.00042499677074200014,0.15457034004346926,ORGANIC_CONTROL
a-ha,24,257831.33333333334,"rock,synth-pop",2,0.01520765036231884,0.026554519927536227,0.0746808695652174,0.03790146928405798,0.15434450913913045,ORGANIC_CONTROL
DJ Shadow,14,345684.78571428574,"electronic,trip-hop",2,0.014903148351648353,0.020108879120879126,0.06128071054945055,0.05797207629230768,0.1542648143142857,ORGANIC_CONTROL
Novo Som;Catedral,11,304366.9090909091,"gospel,groove",2,0.02147147272727273,0.013947054545454547,0.06626267272727274,0.05254857208427273,0.15422977208427274,ORGANIC_CONTROL
Matt Redman,23,302127.6956521739,"alt-rock,alternative,world-music",3,0.0068687233201581025,0.046512328063241105,0.00959361656126482,0.09114023056099331,0.15411489850565735,ORGANIC_CONTROL
Echosmith,11,217856.45454545456,"indie,indie-pop",2,0.009937763636363634,0.034692018181818184,0.05298469090909093,0.056306558545454556,0.1539210312727273,ORGANIC_CONTROL
Ramin Djawadi,16,242739.25,german,1,0.009463200625000001,0.06039468395625,0.029203173625,0.05479745,0.15385850820625,ORGANIC_CONTROL
Pearl Jam,33,280760.0606060606,"alt-rock,grunge",2,0.01862662121212121,0.0520757462121212,0.04518802772727273,0.03766833484321591,0.15355872999473105,ORGANIC_CONTROL
Kid Abelha,52,250057.96153846153,"brazil,mpb,r-n-b",3,0.008140034313725491,0.028740208705292612,0.05508073001508297,0.06134512642307693,0.153306099457178,ORGANIC_CONTROL
When Chai Met Toast,53,229560.64150943398,"folk,indian,indie,indie-pop",4,0.012505476052249638,0.02228838316400581,0.029751705370101595,0.08857818362844704,0.15312374821480407,ORGANIC_CONTROL
Maria Bethânia,42,214529.69047619047,"mpb,r-n-b,samba",3,0.0212094425087108,0.04497089770034843,0.03723480836236934,0.049502613240418124,0.1529177618118467,ORGANIC_CONTROL
Alceu Valença,12,223396.83333333334,mpb,1,0.017296568181818184,0.021106151515151512,0.030554454545454537,0.08392829515151518,0.1528854693939394,ORGANIC_CONTROL
Gilberto Gil,17,263564.9411764706,"mpb,samba",2,0.010378279411764706,0.034825514705882354,0.0398515255882353,0.06756342610294118,0.15261874580882354,ORGANIC_CONTROL
Air,22,283664.04545454547,"ambient,electronic,trip-hop",3,0.010707800865800863,0.022951238095238094,0.02725009956709958,0.09161584817748918,0.15252498670562772,ORGANIC_CONTROL
Ashu Shukla,17,213993.17647058822,"indian,singer-songwriter,songwriter",3,0.038123867647058815,0.01145150735294118,0.039019632352941175,0.06392913970588236,0.15252414705882353,ORGANIC_CONTROL
Yuvan Shankar Raja,46,228171.95652173914,"k-pop,pop,pop-film",3,0.008877432367149758,0.024099551690821258,0.04155234975845411,0.07784763667850243,0.15237697049492754,ORGANIC_CONTROL
Lorne Balfe,59,160129.54237288135,british,1,0.02031620572764465,0.03430758131502046,0.010826640677966102,0.08677225816681707,0.15222268588744828,ORGANIC_CONTROL
Rodolfo Abrantes,11,321477.8181818182,"brazil,gospel",2,0.0023966909090909097,0.010425054545454544,0.03265449090909091,0.10645241614545456,0.15192865250909093,ORGANIC_CONTROL
Kacey Musgraves,20,196622.15,country,1,0.01808503947368421,0.02514430263157894,0.08747304210526315,0.021206765789473687,0.15190915,ORGANIC_CONTROL
Metá Metá,12,264178.8333333333,afrobeat,1,0.012287242424242424,0.03788351515151515,0.046137356060606066,0.055553424242424244,0.1518615378787879,ORGANIC_CONTROL
Lyn Lapid,26,164942.76923076922,"indie,indie-pop,singer-songwriter,songwriter",4,0.010409058461538466,0.023955060184615386,0.027887320184615386,0.08960887384615383,0.15186031267692307,ORGANIC_CONTROL
Prabh Deep,18,244506.27777777778,"electro,electronic,indian,indie",4,0.01561673202614379,0.02093175163398693,0.043074879084967314,0.07221891676470589,0.15184227950980392,ORGANIC_CONTROL
Ralph Stanley,12,132921.83333333334,bluegrass,1,0.009701878787878785,0.049592768106060614,0.048442878787878785,0.04408642424242424,0.15182394992424242,ORGANIC_CONTROL
Morcheeba,34,267960.0882352941,"electronic,trip-hop",2,0.006474499108734401,0.029104377896613194,0.047179619429590015,0.06887405950980394,0.15163255594474154,ORGANIC_CONTROL
Gene Vincent & His Blue Caps,11,137820.18181818182,"rock-n-roll,rockabilly",2,0.001638254545454546,0.07142521818181817,0.05997225454545455,0.018152963636363633,0.1511886909090909,ORGANIC_CONTROL
The Growlers,18,192741.38888888888,garage,1,0.011712941176470587,0.012066290849673205,0.02267492810457516,0.10463277437134966,0.15108693450206861,ORGANIC_CONTROL
IZAL,10,236770.7,spanish,1,0.0020049444444444433,0.03663004444444445,0.02907228622222222,0.083070969,0.1507782441111111,ORGANIC_CONTROL
Blur,10,156368.0,"alt-rock,alternative,rock",3,0.029240400000000007,0.013778099999999998,0.10010583333333334,0.0074946219599999996,0.15061895529333336,ORGANIC_CONTROL
Germaine Franco,106,118972.91509433962,disney,1,0.04514095449146452,0.028677204946091644,0.04311661773674754,0.0336615037735849,0.1505962809478886,ORGANIC_CONTROL
Peter Cat Recording Co.,14,298495.0714285714,electronic,1,0.022657653846153848,0.02066437362637362,0.033917994945054944,0.07314835340659341,0.15038837582417583,ORGANIC_CONTROL
Slank,29,258619.55172413794,"alt-rock,blues",2,0.017479322660098523,0.0160448645320197,0.06606813384236454,0.05055752861133005,0.15014984964581282,ORGANIC_CONTROL
Basho & Friends,10,127728.6,kids,1,0.010678900000000003,0.0323913888888889,0.014723433333333332,0.09223231822222222,0.15002604044444445,ORGANIC_CONTROL
Lars Winnerbäck,25,275266.36,"singer-songwriter,songwriter,swedish",3,0.005033760000000002,0.03062071,0.051993073333333334,0.062362729425000006,0.15001027275833334,ORGANIC_CONTROL
Ankur Tewari;The Ghalat Family,10,250906.2,"indian,indie-pop,singer-songwriter,songwriter",4,0.001537155555555555,0.025805066666666668,0.028075733333333335,0.09433951111111111,0.14975746666666667,ORGANIC_CONTROL
Jobii,49,140897.4081632653,study,1,0.010781615646258505,0.021213795918367348,0.041940041250000004,0.07578702356156462,0.1497224763761905,ORGANIC_CONTROL
Sujatha,89,266867.1797752809,malay,1,0.013115539070480083,0.0289630702247191,0.03645713610827375,0.07113837529111339,0.14967412069458633,ORGANIC_CONTROL
Månegarm,17,284122.5294117647,black-metal,1,0.015752764705882355,0.042582492647058816,0.031303470588235294,0.05946191493085901,0.14910064287203548,ORGANIC_CONTROL
Pink Floyd,89,341909.4943820225,"psych-rock,rock",2,0.02022804749744637,0.028834236192543408,0.030762592614913178,0.06913518333225231,0.14896005963715528,ORGANIC_CONTROL
meadowzz,11,169206.9090909091,study,1,0.0039618909090909085,0.006515254545454545,0.02277321818181818,0.11540859690909092,0.14865896054545455,ORGANIC_CONTROL
Stefanie Sun,11,257500.27272727274,mandopop,1,0.010553854545454548,0.041388963636363636,0.014876272727272728,0.08176634272727272,0.14858543363636362,ORGANIC_CONTROL
Thievery Corporation,21,239808.95238095237,trip-hop,1,0.01290182857142857,0.029969190476190476,0.05894936190476191,0.04668956958676191,0.14850995053914287,ORGANIC_CONTROL
Amy Winehouse,19,218393.36842105264,"british,soul",2,0.01948287134502924,0.025812982456140353,0.03769049707602339,0.06491887830409357,0.14790522918128657,ORGANIC_CONTROL
Limp Bizkit,12,258042.0,"alternative,funk,metal",3,0.007184931818181817,0.03332972727272728,0.05885022787878787,0.04805777919090908,0.14742266616060604,ORGANIC_CONTROL
Joe Jackson,14,267013.9285714286,power-pop,1,0.010997763736263736,0.031010571428571426,0.05715367032967033,0.048195586868131864,0.14735759236263735,ORGANIC_CONTROL
Gabriela Rocha,23,347640.9130434783,"brazil,gospel",2,0.009142794466403164,0.046673030671936754,0.006933605415019761,0.08453674680436363,0.1472861773577233,ORGANIC_CONTROL
Criolo,64,220558.390625,"afrobeat,brazil",2,0.009462662450396828,0.023480412450396827,0.03502932911706349,0.07928554696743552,0.14725795098529265,ORGANIC_CONTROL
Spuntic,36,286138.19444444444,iranian,1,0.009444946857142858,0.03356589970634921,0.0015126962777777776,0.10237224259428569,0.14689578543555554,ORGANIC_CONTROL
FKA twigs,50,193864.54,"alternative,trip-hop",2,0.016176205714285713,0.013845766938775508,0.056430217812244894,0.06036554013228573,0.14681773059759184,ORGANIC_CONTROL
The Jamborees,19,102627.63157894737,"kids,party",2,0.007989842105263162,0.016959707602339183,0.044122444444444436,0.07761864584795321,0.14669063999999998,ORGANIC_CONTROL
Gilberto Santa Rosa,31,260985.96774193548,salsa,1,0.021167122580645164,0.025258447311827956,0.058187559139784954,0.042048956989247314,0.14666208602150538,ORGANIC_CONTROL
The Strokes,52,233215.4423076923,"alt-rock,alternative,garage,rock",4,0.009070990573152337,0.027524191553544495,0.054778080648567117,0.055217017772223924,0.14659028054748788,ORGANIC_CONTROL
ヨルシカ,10,250277.2,j-pop,1,0.0017947666666666665,0.04244121111111111,0.0428705,0.059431266916666656,0.14653774469444444,ORGANIC_CONTROL
K.I.Z,11,168928.36363636365,german,1,0.013917654545454544,0.0164584,0.03168987272727273,0.08427549504545456,0.14634142231818184,ORGANIC_CONTROL
The Local Train,50,253565.78,"hip-hop,indian,indie,indie-pop,pop,pop-film,rock",7,0.008956431020408164,0.021821861632653063,0.016019641224489792,0.09924377999179591,0.14604171386934695,ORGANIC_CONTROL
Z.TAO,15,213869.4,mandopop,1,0.008054685714285716,0.03345574285714286,0.021572238095238092,0.08287102266666668,0.14595368933333336,ORGANIC_CONTROL
Riley Green,10,206936.1,country,1,0.017449333333333334,0.02007026666666667,0.02933316666666667,0.07901696097333334,0.14586972764,ORGANIC_CONTROL
Christian Löffler,15,313524.6666666667,"ambient,electronic,french,minimal-techno,techno",5,0.04024478095238095,0.02352640952380953,0.004311375238095238,0.07767094552380953,0.14575351123809524,ORGANIC_CONTROL
Tim Maia,55,237029.32727272727,"brazil,mpb,samba,soul",4,0.015813074074074077,0.03464580942760943,0.04603416546801347,0.04892317511784511,0.14541622408754207,ORGANIC_CONTROL
Trampled by Turtles,44,215019.9090909091,"bluegrass,j-rock",2,0.007079012684989431,0.03589222621564483,0.048929830697674426,0.053501428727431286,0.14540249832573998,ORGANIC_CONTROL
Zeca Baleiro,11,235409.72727272726,"brazil,mpb",2,0.006093490909090909,0.03701856363636365,0.05708107272727274,0.04498607272727273,0.14517920000000004,ORGANIC_CONTROL
Badfinger,31,194977.5806451613,"blues,country,folk,j-pop,j-rock,power-pop,psych-rock,singer-songwriter,songwriter",9,0.007364664516129031,0.04767904731182797,0.02886332258064516,0.061006959389462385,0.14491399379806455,ORGANIC_CONTROL
"Nikolai Erdenko;Ансамбль ""Джанг""",22,202222.13636363635,romance,1,0.01373413203463204,0.010747015151515155,0.05882646753246753,0.061569593073593075,0.1448772077922078,ORGANIC_CONTROL
Gabrielle Aplin,28,210088.89285714287,"acoustic,singer-songwriter,songwriter",3,0.010546814814814813,0.022578078042328035,0.02254540543650794,0.0891916255888889,0.14486192388253968,ORGANIC_CONTROL
Virus,12,234454.0,"alt-rock,punk,punk-rock",3,0.007936265151515154,0.04275887878787879,0.07699869696969697,0.017023286287878782,0.1447171271969697,ORGANIC_CONTROL
Pritam;KK,18,299855.8888888889,indian,1,0.009451241830065361,0.023102330065359476,0.0379160294117647,0.0741778802614379,0.14464748156862745,ORGANIC_CONTROL
Cage The Elephant,34,220572.17647058822,"blues,punk,punk-rock,rock",4,0.004439440285204992,0.039449273618538325,0.05284605347593583,0.04777836190231729,0.14451312928199644,ORGANIC_CONTROL
Labrinth,12,156468.08333333334,"indie,indie-pop",2,0.03266606060606061,0.016433333333333328,0.037610272727272714,0.05763893659090909,0.14434860325757573,ORGANIC_CONTROL
Mustafa Zahid,11,315555.8181818182,"hip-hop,pop-film",2,0.010785800000000002,0.02964367272727273,0.03979628163636363,0.064076158,0.14430191236363635,ORGANIC_CONTROL
wavcrush,20,132765.05,study,1,0.009307221052631579,0.026827315789473692,0.029698480289473684,0.07797796976315789,0.14381098689473684,ORGANIC_CONTROL
Clannad,18,216234.33333333334,new-age,1,0.020605205882352935,0.029903015947712417,0.032342222222222224,0.06095857516339869,0.14380901921568626,ORGANIC_CONTROL
Mother Goose Club,13,96298.0,children,1,0.004084833333333332,0.02190192307692308,0.03910997435897436,0.07853307025641025,0.14362980102564102,ORGANIC_CONTROL
Benny,11,237273.72727272726,spanish,1,0.020095490909090907,0.017987200000000002,0.036945713636363633,0.06854517818181818,0.14357358272727272,ORGANIC_CONTROL
Derrick May,13,193315.46153846153,detroit-techno,1,0.008072576923076927,0.04326802564102564,0.08181799692307692,0.010247446061598975,0.14340604554877845,ORGANIC_CONTROL
Peppa Pig,44,171313.25,"british,children",2,0.010407515856236787,0.0336388430232558,0.0449100866807611,0.054351995327695586,0.14330844088794928,ORGANIC_CONTROL
Disturbed,20,265086.45,"alternative,metal",2,0.009153378947368422,0.06162371315789472,0.05224605263157896,0.020205397530462074,0.14322854226730417,ORGANIC_CONTROL
LFO,16,269185.625,idm,1,0.0357504,0.04087902916666666,0.05681939583333335,0.009445625567183334,0.14289445056718333,ORGANIC_CONTROL
The Supremes,64,173109.21875,"disco,funk,soul",3,0.033850142857142856,0.023052821428571433,0.03760361904761904,0.04811597678571428,0.14262256011904761,ORGANIC_CONTROL
Chico Buarque,10,236482.3,mpb,1,0.009843555555555557,0.024706,0.04130484444444443,0.06637351111111112,0.1422279111111111,ORGANIC_CONTROL
Hooverphonic,23,219891.21739130435,"electronic,trip-hop",2,0.008089328063241107,0.023370316205533603,0.07322716158102766,0.036884325343082995,0.14157113119288536,ORGANIC_CONTROL
Portishead,23,282516.26086956525,"electronic,trip-hop",2,0.015055351778656129,0.01539278260869565,0.024707907944664032,0.08623514976284585,0.14139119209486167,ORGANIC_CONTROL
Bonobo,46,301228.76086956525,"electronic,jazz,trip-hop",3,0.008183142512077295,0.024270736714975844,0.04404132073913043,0.06485912435690822,0.14135432432309178,ORGANIC_CONTROL
Enrique Guzman,32,164083.71875,rock-n-roll,1,0.02450070060483871,0.019209145161290322,0.054888479838709675,0.04273849092741935,0.14133681653225805,ORGANIC_CONTROL
Theo Parrish,41,508119.9512195122,"detroit-techno,minimal-techno",2,0.017020148780487805,0.04198875243902439,0.06051872428048781,0.02179596645990122,0.14132359195990124,ORGANIC_CONTROL
Mägo de Oz,38,327405.4736842105,spanish,1,0.015405858463726881,0.02938967283072546,0.04131273172830726,0.055107259749223335,0.14121552277198293,ORGANIC_CONTROL
Joe Satriani,16,261776.8125,"guitar,hard-rock,metal",3,0.010709262499999999,0.05983672916666667,0.03534752395833333,0.03499063720546249,0.1408841528304625,ORGANIC_CONTROL
Old Crow Medicine Show,22,204446.36363636365,bluegrass,1,0.007973393939393938,0.045219878787878795,0.03318053896103895,0.05442993569264069,0.14080374738095236,ORGANIC_CONTROL
Girl Pusher,10,126135.7,club,1,0.009980666666666669,0.01931023333333333,0.07935821733333334,0.031872045701361,0.14052116303469434,ORGANIC_CONTROL
Valery Obodzinsky,10,213415.0,romance,1,0.004990044444444444,0.01728151111111111,0.02610467777777778,0.09207407288888889,0.1404503062222222,ORGANIC_CONTROL
Bob Dylan,17,250224.0588235294,"country,folk,singer-songwriter,songwriter",4,0.003457279411764706,0.050067131911764706,0.020612970588235295,0.06624873529411766,0.14038611720588237,ORGANIC_CONTROL
Jaymes Young,15,236034.4,"pop,rock",2,0.018454028571428575,0.02675631428571429,0.026656923809523805,0.06851535238095238,0.14038261904761906,ORGANIC_CONTROL
Overseer,10,265841.4,breakbeat,1,0.006193433333333335,0.02738106666666667,0.10403061733333334,0.0027333377722095296,0.14033845510554288,ORGANIC_CONTROL
Havoc Brothers,12,247952.5,malay,1,0.009043515151515155,0.007090022727272727,0.04441351515151515,0.07968871333333333,0.14023576636363635,ORGANIC_CONTROL
Slowgold,13,234005.84615384616,goth,1,0.023096769230769226,0.014437397435897439,0.05613041064102564,0.0463762435897436,0.1400408208974359,ORGANIC_CONTROL
Onze:20,10,225224.8,"brazil,j-rock,reggae",3,0.016423955555555557,0.010259955555555552,0.06474676666666666,0.04810056128444443,0.1395312390622222,ORGANIC_CONTROL
Vance Joy,26,216135.84615384616,"folk,rock",2,0.011542424615384614,0.014051059999999997,0.02475905846153846,0.08917191582153848,0.13952445889846155,ORGANIC_CONTROL
Billie Marten,12,226553.25,"british,folk",2,0.028795356060606066,0.02259389537878788,0.015903073560606062,0.07183462878787879,0.1391269537878788,ORGANIC_CONTROL
Andrew Gold,21,201874.66666666666,power-pop,1,0.013321333333333338,0.016130433333333336,0.029256400000000005,0.07993512421904762,0.1386432908857143,ORGANIC_CONTROL
Kailash Kher;Paresh Kamath;Naresh Kamath,18,332372.1111111111,"folk,hip-hop,indian,pop,pop-film",5,0.021742823529411762,0.028697647058823522,0.049700839869281054,0.03835840849673203,0.13849971895424837,ORGANIC_CONTROL
Raul Seixas,32,207017.90625,"brazil,mpb,r-n-b",3,0.012975345766129031,0.016410910282258065,0.039856241935483865,0.06890474063508065,0.13814723861895162,ORGANIC_CONTROL
Divididos,25,276908.56,"alt-rock,alternative,ska",3,0.024178556666666667,0.027820123333333332,0.04165667666666666,0.04433102094205999,0.13798637760872665,ORGANIC_CONTROL
Chicago,22,279683.9090909091,"folk,rock,singer-songwriter,songwriter",4,0.010290562770562768,0.02651161038961039,0.05995717099567098,0.04117374285714286,0.137933087012987,ORGANIC_CONTROL
Andy Lau,25,265573.64,"cantopop,mandopop",2,0.004404506666666667,0.02518208333333334,0.03857564333333334,0.06949033976666666,0.1376525731,ORGANIC_CONTROL
King Crimson,10,479547.0,"j-rock,psych-rock",2,0.000614177777777778,0.03598114844444444,0.03618539333333334,0.06483018561315557,0.13761090516871113,ORGANIC_CONTROL
Patty Shukla,25,146689.52,"children,kids,party",3,0.008474010000000002,0.029994926666666668,0.061393539999999996,0.037701584999999996,0.13756406166666665,ORGANIC_CONTROL
demxntia,16,148079.25,"chill,emo",2,0.014565600000000001,0.013890650000000001,0.03473812116666666,0.07425353333333333,0.1374479045,ORGANIC_CONTROL
Matt Large,54,184750.92592592593,study,1,0.005680313067784766,0.02583259818308875,0.042783110062893086,0.06262265716700488,0.1369186784807715,ORGANIC_CONTROL
MORADA,10,361411.0,reggae,1,0.00612761111111111,0.00993204444444444,0.030811777777777785,0.08994007555555555,0.13681150888888888,ORGANIC_CONTROL
Peggy Lee,82,141090.43902439025,"jazz,soul",2,0.036276315567600116,0.021581877295995183,0.06583998072869617,0.013023648298705207,0.13672182189099666,ORGANIC_CONTROL
Keane,24,227884.25,"piano,rock",2,0.0018694764492753625,0.02279555797101449,0.03569999297101449,0.07632521964498427,0.13669024703628863,ORGANIC_CONTROL
Bicep,15,296504.13333333336,"ambient,electronic,house",3,0.023873028571428565,0.025497142857142864,0.02404452380952381,0.06326137828571429,0.13667607352380953,ORGANIC_CONTROL
David Tao,14,258667.2142857143,mandopop,1,0.005660071428571429,0.025148219780219784,0.033539631868131865,0.07230021609890111,0.1366481391758242,ORGANIC_CONTROL
Hillsong Worship;Brooke Ligertwood,23,295120.95652173914,world-music,1,0.004612359683794467,0.031239118577075096,0.005241023280632411,0.09541605265450989,0.13650855419601188,ORGANIC_CONTROL
Cheap Trick,29,226435.72413793104,"hard-rock,metal,power-pop,r-n-b",4,0.012762391625615762,0.022617534482758623,0.0715858429310345,0.029510228470403937,0.13647599750981282,ORGANIC_CONTROL
Front 242,13,295413.07692307694,"industrial,techno",2,0.01000826923076923,0.016901435897435892,0.1017091441025641,0.007843546405230257,0.1364623956359995,ORGANIC_CONTROL
Kari Jobe,17,277000.4705882353,"alt-rock,alternative,world-music",3,0.03842774264705883,0.021019779411764708,0.009652915588235295,0.06722590860294117,0.13632634625,ORGANIC_CONTROL
Anirudh Ravichander,26,174155.11538461538,hip-hop,1,0.010901613846153846,0.02034430153846154,0.061676698584615386,0.04277258724246154,0.13569520121169232,ORGANIC_CONTROL
Otis Redding,35,162210.17142857143,"blues,soul",2,0.00877490420168067,0.012578373109243701,0.0657747344537815,0.04845464075630252,0.1355826525210084,ORGANIC_CONTROL
Aril Brikha,32,454993.96875,detroit-techno,1,0.01115546673387097,0.02156895866935484,0.07150712254032258,0.03126713556174093,0.13549868350528932,ORGANIC_CONTROL
Glee Cast;Darren Criss,10,205326.2,club,1,0.012507344444444445,0.024091511111111102,0.04360284444444444,0.055124901875566665,0.13532660187556667,ORGANIC_CONTROL
Natos y Waor,10,192905.0,spanish,1,0.0117161,0.010211111111111108,0.032962277777777785,0.08040568847222224,0.13529517736111113,ORGANIC_CONTROL
Spandau Ballet,21,306329.6666666667,"disco,synth-pop",2,0.011879890476190477,0.0323086619047619,0.06564534761904763,0.02514266218619048,0.13497656218619047,ORGANIC_CONTROL
Banda Cuisillos,18,204028.66666666666,r-n-b,1,0.011306941176470589,0.019266261437908494,0.061018957516339865,0.04338374565359478,0.13497590578431373,ORGANIC_CONTROL
Armin van Buuren,68,120490.20588235294,"edm,house,progressive-house,trance",4,0.014902371158911326,0.016178160447761193,0.10034052186128184,0.0035326465643696226,0.134953700032324,ORGANIC_CONTROL
Devin Kennedy,12,149093.16666666666,"chill,electro,indie,indie-pop",4,0.005120242424242424,0.004406969696969699,0.03169008333333335,0.09355578787878788,0.13477308333333335,ORGANIC_CONTROL
Oscar Hollis,11,168021.72727272726,study,1,0.013702090909090909,0.025888199999999993,0.03824640054545455,0.05687367272727273,0.13471036418181817,ORGANIC_CONTROL
Terence Lam,14,229088.92857142858,cantopop,1,0.02174747802197802,0.03695597802197802,0.03565505494505495,0.04033136263736264,0.13468987362637364,ORGANIC_CONTROL
FACE,18,163199.27777777778,emo,1,0.014421084967320264,0.01684414705882353,0.05215053594771241,0.050906261470588236,0.13432202944444444,ORGANIC_CONTROL
Zach Bryan,29,221036.41379310345,country,1,0.007407458128078819,0.04576463546798028,0.015608623152709361,0.0654897212315271,0.13427043798029556,ORGANIC_CONTROL
Roffe Ruff,25,194119.96,goth,1,0.01186342666666667,0.022633860000000006,0.02518485666666666,0.07456040226666667,0.1342425456,ORGANIC_CONTROL
Daniel Deluxe,16,198003.625,club,1,0.007760333333333332,0.028801962499999993,0.041591675291666665,0.0560753390640625,0.13422931018906248,ORGANIC_CONTROL
Maria Rita,14,241303.92857142858,"mpb,pagode,samba",3,0.01735279670329671,0.031108681318681317,0.035903478021978026,0.04982564835164836,0.13419060439560443,ORGANIC_CONTROL
OneRepublic,181,202143.1049723757,"piano,pop,rock",3,0.0315385955801105,0.013927201350521792,0.048139698910374465,0.040428807430421126,0.13403430327142787,ORGANIC_CONTROL
Michael Ray,16,189907.6875,country,1,0.025927662499999997,0.02102491666666666,0.05059132916666666,0.03645153676958333,0.13399544510291664,ORGANIC_CONTROL
Najand,33,82364.51515151515,iranian,1,0.007563297045454546,0.020847984848484845,0.020711459848484843,0.08476923193828355,0.1338919736807078,ORGANIC_CONTROL
Indochine,27,276740.3703703704,"french,synth-pop",2,0.009761883190883194,0.01712284615384615,0.08135859806267808,0.025591576459871795,0.13383490386727923,ORGANIC_CONTROL
Plastilina Mosh,38,218123.0,afrobeat,1,0.015750401137980086,0.01834400924608819,0.04119804907539117,0.058422902469499306,0.13371536192895875,ORGANIC_CONTROL
Fiersa Besari,10,256159.6,punk,1,0.022541288888888886,0.03197755555555556,0.016238222222222223,0.06290509344444445,0.13366216011111112,ORGANIC_CONTROL
João Gilberto,17,172224.35294117648,guitar,1,0.017165750000000004,0.014492544852941177,0.06947331617647058,0.03249363970588235,0.1336252507352941,ORGANIC_CONTROL
Massive Attack,38,323029.13157894736,"electronic,trip-hop",2,0.011142939544807965,0.03166017140825036,0.049434827368421044,0.041270849149359884,0.13350878747083925,ORGANIC_CONTROL
Sertab Erener,29,184005.1379310345,"j-pop,jazz,singer-songwriter,songwriter,turkish",5,0.0027423620689655186,0.030014970443349755,0.015480650246305419,0.08517410098522168,0.13341208374384236,ORGANIC_CONTROL
Farzad Golpayegani,34,285662.0294117647,iranian,1,0.009200577540106954,0.020228745989304815,0.04763580895721925,0.05628366189663145,0.13334879438326247,ORGANIC_CONTROL
George Dalaras,10,181387.6,guitar,1,0.00809032222222222,0.02188387777777778,0.04878377777777779,0.05458780844444444,0.13334578622222223,ORGANIC_CONTROL
Smartface,19,149138.2105263158,study,1,0.008282023391812868,0.021555245614035087,0.055721274853801156,0.047725641403508774,0.13328418526315788,ORGANIC_CONTROL
Sumo,40,225243.65,"alt-rock,alternative,metal,punk,punk-rock,ska",6,0.049509153205128206,0.030265589102564102,0.04789912756410256,0.0054390450723145545,0.13311291494410943,ORGANIC_CONTROL
Anupam Roy,121,273658.347107438,"indian,indie,indie-pop,k-pop,pop-film,singer-songwriter,songwriter",7,0.011433616666666665,0.018413592148760333,0.031903465542699724,0.07130057877685951,0.13305125313498622,ORGANIC_CONTROL
Juanes,24,209036.5,"latin,rock",2,0.003639384057971016,0.01994767391304348,0.05445875362318841,0.0547330536231884,0.1327788652173913,ORGANIC_CONTROL
Ricky Nelson,19,140849.52631578947,"r-n-b,rock-n-roll,rockabilly",3,0.01234669005847953,0.023631516081871345,0.05178061988304093,0.044905982456140345,0.13266480847953216,ORGANIC_CONTROL
Racionais MC's,11,369804.1818181818,brazil,1,0.016684018181818184,0.029132090909090906,0.03878296363636364,0.0476874329090909,0.13228650563636363,ORGANIC_CONTROL
Little Apple Band,18,116703.22222222222,kids,1,0.012876330065359473,0.021493477124183008,0.018737741830065355,0.0789350664379085,0.13204261545751633,ORGANIC_CONTROL
Faithless,26,322182.8461538461,trip-hop,1,0.012930475384615383,0.030859626153846152,0.03275953101538462,0.05540328033538462,0.13195291288923078,ORGANIC_CONTROL
Angelica Maria,15,169128.73333333334,rock-n-roll,1,0.017366742857142858,0.02140755238095238,0.07302797142857143,0.02014611428571428,0.13194838095238093,ORGANIC_CONTROL
İlhan İrem,19,314526.0,"j-pop,j-rock,jazz,turkish",4,0.017546818713450287,0.0062248713450292386,0.03122933918128655,0.07688765497076024,0.13188868421052632,ORGANIC_CONTROL
Alice In Chains,32,267304.6875,"alt-rock,grunge,hard-rock,metal",4,0.011407286290322581,0.028206903225806445,0.04313498286290322,0.04901144426827587,0.13176061664730812,ORGANIC_CONTROL
Leslie Cheung,15,245685.06666666668,cantopop,1,0.008719923809523808,0.03502940952380952,0.027810061238095235,0.060176828571428566,0.13173622314285713,ORGANIC_CONTROL
Babasónicos,50,215678.64,"alt-rock,alternative,electro,electronic,latin,rock",6,0.013539968979591836,0.038204134285714286,0.02802282489795918,0.05192965455433881,0.13169658271760412,ORGANIC_CONTROL
Paul Kalkbrenner,29,300342.3103448276,"minimal-techno,techno",2,0.01416900492610837,0.01924969458128079,0.06523333721674876,0.03299079613170144,0.13164283285583936,ORGANIC_CONTROL
Ivan Rebroff,40,195486.85,romance,1,0.014323554846153845,0.021879894871794873,0.05417807128205128,0.041045514974358974,0.13142703597435898,ORGANIC_CONTROL
keshi,36,183685.47222222222,chill,1,0.009378634920634921,0.025633475396825388,0.0328504825,0.06355173037301587,0.1314143231904762,ORGANIC_CONTROL
Omar S,53,392761.1320754717,detroit-techno,1,0.005239690130624092,0.04043924528301887,0.07204964677068215,0.01359535390598571,0.13132393609031082,ORGANIC_CONTROL
Dhanush;Anirudh Ravichander,12,233146.58333333334,"k-pop,pop,pop-film",3,0.02724218181818183,0.024967363636363638,0.023503719696969697,0.05556508242424241,0.13127834757575757,ORGANIC_CONTROL
MR TOUT LE MONDE,12,192126.5,french,1,0.01502351515151515,0.01669618181818182,0.0277626371969697,0.07178610992424242,0.1312684440909091,ORGANIC_CONTROL
Flatt & Scruggs,13,135703.3076923077,bluegrass,1,0.012803410256410255,0.045258807692307695,0.005534499999999998,0.06757316025641026,0.1311698782051282,ORGANIC_CONTROL
Above & Beyond,12,125785.83333333333,trance,1,0.024997901515151518,0.0023653636363636372,0.10108135901515153,0.002529457379090909,0.1309740815457576,ORGANIC_CONTROL
Gersson Edinbaro,28,335193.60714285716,malay,1,0.010751231481481483,0.029056830687830677,0.04703595767195767,0.044040733280423267,0.1308847531216931,ORGANIC_CONTROL
Zachary Knowles,13,191948.46153846153,"chill,soul",2,0.009425974358974359,0.01796873076923077,0.02711235897435897,0.07624406863589743,0.13075113273846153,ORGANIC_CONTROL
Alka Yagnik;Kumar Sanu,12,361351.9166666667,"k-pop,pop-film",2,0.008914204545454545,0.022196083333333335,0.024231537878787877,0.07530872727272726,0.130650553030303,ORGANIC_CONTROL
Jagjit Singh,14,439173.0,"k-pop,pop-film",2,0.012756989010989013,0.008933609890109887,0.012379873626373624,0.09656816527472528,0.1306386378021978,ORGANIC_CONTROL
The Maine,11,196937.54545454544,"emo,punk,punk-rock",3,0.007687690909090913,0.0355546909090909,0.033509454545454544,0.05374306200000001,0.13049489836363637,ORGANIC_CONTROL
Alex Ubago,12,236273.58333333334,spanish,1,0.005722628787878787,0.010898992424242427,0.04231093181818182,0.07153054001515154,0.13046309304545456,ORGANIC_CONTROL
Deluxe,14,236648.57142857142,"french,spanish",2,0.013465763736263736,0.02217207142857143,0.037698109890109896,0.05707103296703297,0.13040697802197804,ORGANIC_CONTROL
Jeremy Zucker,11,190874.36363636365,"electro,pop",2,0.018206200000000002,0.01648047272727273,0.025393072727272724,0.07029093363636366,0.1303706790909091,ORGANIC_CONTROL
Ramil Ganjoo,13,200290.3076923077,"indian,indie,singer-songwriter,songwriter",4,0.011353602564102562,0.009212410256410257,0.018383121923076923,0.09132922769230771,0.13027836243589747,ORGANIC_CONTROL
Aimer,39,257822.66666666666,"anime,j-pop,j-rock,rock",4,0.010384867746288802,0.03170879892037787,0.03460796761133603,0.05357070465225235,0.13027233893025505,ORGANIC_CONTROL
Dora The Explorer,58,79468.9827586207,"children,kids,party",3,0.011020813067150637,0.03390058560193588,0.021121725347852383,0.06402739631524743,0.13007052033218633,ORGANIC_CONTROL
Cyclo,25,206912.12,spanish,1,0.015227833333333335,0.011636626666666665,0.04772430666666667,0.055272694642666674,0.12986146130933335,ORGANIC_CONTROL
Bobby Day,11,150382.63636363635,"blues,r-n-b,rock-n-roll,rockabilly",4,0.021183254545454548,0.02066681818181819,0.006452218181818181,0.08144680000000001,0.12974909090909093,ORGANIC_CONTROL
Galy Galiano,14,230813.7857142857,salsa,1,0.009834225274725272,0.04458822527472527,0.04248418131868132,0.032723295164835166,0.12962992703296702,ORGANIC_CONTROL
Bruno Mars,12,228624.91666666666,"dance,pop",2,0.01062160606060606,0.017512606060606055,0.06927355,0.03209486787878788,0.12950263,ORGANIC_CONTROL
Ryuji Imaichi,18,233125.05555555556,j-dance,1,0.009605320261437908,0.02360402941176471,0.04477841790849674,0.051364697124183005,0.12935246470588235,ORGANIC_CONTROL
サザンオールスターズ,39,267910.7948717949,j-pop,1,0.01016274628879892,0.02387635762483131,0.0375148677462888,0.05764040814102561,0.12919437980094464,ORGANIC_CONTROL
Groove Armada,13,303597.46153846156,trip-hop,1,0.008587,0.027966064102564105,0.07133591025641027,0.02119735228930769,0.12908632664828207,ORGANIC_CONTROL
Cyndi Lauper,11,235624.9090909091,disco,1,0.012764890909090904,0.03804800000000001,0.03987276363636363,0.03827785454545456,0.1289635090909091,ORGANIC_CONTROL
Crumb,19,181113.15789473685,"garage,psych-rock",2,0.011011116959064324,0.02109187719298246,0.026372324736842107,0.07042128557922807,0.12889660446811696,ORGANIC_CONTROL
Marc Anthony,32,295244.96875,"latin,salsa",2,0.006725740927419353,0.027499765120967745,0.03361779032258065,0.060943293243447584,0.12878658961441533,ORGANIC_CONTROL
L'Impératrice,11,228149.0909090909,"french,synth-pop",2,0.011663272727272727,0.01738747272727273,0.02790745454545454,0.07162874872727273,0.12858694872727272,ORGANIC_CONTROL
Los Teen Tops,35,151257.6,"rock-n-roll,rockabilly",2,0.010242487394957983,0.036596411764705884,0.039272999999999995,0.042076899159663866,0.12818879831932772,ORGANIC_CONTROL
blackbear,10,196112.3,"electro,pop",2,0.0032261000000000004,0.016047122222222224,0.05417506666666667,0.05446868878333333,0.1279169776722222,ORGANIC_CONTROL
Emancipator,13,288575.6153846154,trip-hop,1,0.007191192307692304,0.015054102564102563,0.018158484102564102,0.08739076974358974,0.1277945487179487,ORGANIC_CONTROL
William Luna,25,231005.96,guitar,1,0.007044416666666665,0.02144691,0.06015820666666668,0.0391230964,0.12777262973333334,ORGANIC_CONTROL
Hollow Coves,10,226381.9,"folk,indie",2,0.011386400000000003,0.026308227666666673,0.02329454444444444,0.06673565555555555,0.12772482766666668,ORGANIC_CONTROL
Pitty,33,224889.87878787878,"brazil,hard-rock,mpb",3,0.012243433712121214,0.01568912689393939,0.07042250757575758,0.029315025581255684,0.12767009376307387,ORGANIC_CONTROL
Eric Chou,19,264561.05263157893,mandopop,1,0.021679590643274856,0.013761228070175437,0.020956257309941526,0.07125335818713449,0.1276504342105263,ORGANIC_CONTROL
Brent Morgan,10,166672.6,"singer-songwriter,songwriter",2,0.0024398222222222214,0.015273066666666668,0.00868862222222222,0.1011836551111111,0.1275851662222222,ORGANIC_CONTROL
Kochetkovv,18,122981.0,"chill,sad",2,0.010267555555555561,0.024805176470588237,0.05991002614379086,0.03255430065359477,0.12753705882352942,ORGANIC_CONTROL
Kato,56,96904.19642857143,anime,1,0.02038872694805195,0.02981936737337662,0.013078125402597403,0.06393247119155843,0.1272186909155844,ORGANIC_CONTROL
Ashwin Adwani,13,189145.23076923078,"indian,singer-songwriter,songwriter",3,0.0013867692307692305,0.019758730769230768,0.03941025641025642,0.06646110256410255,0.12701685897435896,ORGANIC_CONTROL
Dj Promo,28,108860.92857142857,"happy,hardcore,techno",3,0.0061620992063492076,0.015090099206349204,0.06752934756613757,0.0380955950277081,0.1268771410065441,ORGANIC_CONTROL
Commodores,12,288714.75,"disco,funk,soul",3,0.0029484469696969672,0.01953511363636364,0.019851460227272723,0.08446644696969698,0.1268014678030303,ORGANIC_CONTROL
Norah Jones,150,195280.22,"j-pop,jazz",2,0.00610684456375839,0.043903816472483224,0.013846331096196868,0.06290743270693513,0.1267644248393736,ORGANIC_CONTROL
MALIQ & D'Essentials,10,244733.2,"j-pop,jazz",2,0.01995022222222222,0.023914044444444445,0.028320177777777775,0.054562844444444446,0.1267472888888889,ORGANIC_CONTROL
Lonesome River Band,10,176703.6,bluegrass,1,0.0024105444444444454,0.022804488888888894,0.03736706666666666,0.06412867777777778,0.12671077777777778,ORGANIC_CONTROL
Tom Walker,10,179747.4,"folk,indie,indie-pop",3,0.0038318222222222206,0.012180011111111107,0.019385155555555558,0.09130410622222224,0.12670109511111113,ORGANIC_CONTROL
iamjakehill,31,164710.93548387097,"emo,sad",2,0.003952903225806452,0.029538806451612897,0.04278558279569893,0.05030228847311827,0.12657958094623656,ORGANIC_CONTROL
KAYDEN,14,192388.57142857142,"chill,sad",2,0.00890945054945055,0.010677956043956043,0.02522210989010989,0.08168287704175824,0.12649239352527472,ORGANIC_CONTROL
Rend Collective,15,231215.86666666667,"alt-rock,world-music",2,0.005534971428571427,0.02481898095238095,0.058046666666666656,0.03805600112666667,0.1264566201742857,ORGANIC_CONTROL
BaianaSystem,62,224680.37096774194,"afrobeat,dub,mpb,r-n-b,samba",5,0.013496227657324169,0.011262252776308834,0.04650381766261239,0.055055260734210465,0.12631755883045587,ORGANIC_CONTROL
Gelena Velikanova,15,174314.33333333334,romance,1,0.021048114285714285,0.014139944095238097,0.04924685714285714,0.04184069523809523,0.12627561076190474,ORGANIC_CONTROL
G.E.M.,42,234293.35714285713,mandopop,1,0.011596832171893147,0.026689003484320555,0.0110985,0.07664195006736352,0.1260262857235772,ORGANIC_CONTROL
Yxngxr1,11,146742.54545454544,"chill,sad",2,0.0021077636363636388,0.01238481818181818,0.08107029090909093,0.0303852,0.12594807272727276,ORGANIC_CONTROL
Billie Eilish,68,194343.17647058822,"electro,pop",2,0.02389460645302897,0.007105925153643546,0.03587050455443371,0.059032214609306424,0.12590325077041264,ORGANIC_CONTROL
Miranda!,42,219499.7857142857,electronic,1,0.00971096631823461,0.027078271777003483,0.05128532694541231,0.03767257344785134,0.12574713848850175,ORGANIC_CONTROL
Lulu Santos,34,231334.91176470587,"brazil,mpb,r-n-b",3,0.009636385918003565,0.021623326203208552,0.03831331996434938,0.056120739413992864,0.12569377149955435,ORGANIC_CONTROL
Chris Cornell,12,270373.0833333333,"alt-rock,grunge,metal",3,0.008111719696969695,0.04107742424242424,0.01610206060606061,0.060388346287878786,0.12567955083333332,ORGANIC_CONTROL
Pinkfong,39,96934.8717948718,children,1,0.01758834143049932,0.03061526045883941,0.027638904183535755,0.049809399797570854,0.12565190587044534,ORGANIC_CONTROL
Bruno & Marrone,43,210572.18604651163,sertanejo,1,0.0122436788482835,0.03364497009966777,0.03246489590254706,0.047219233045404214,0.12557277789590254,ORGANIC_CONTROL
Celtic Woman,21,221121.19047619047,opera,1,0.022886847619047624,0.02975516261904762,0.05749837314285715,0.015170814285714282,0.12531119766666668,ORGANIC_CONTROL
Moodymann,34,383862.26470588235,"detroit-techno,minimal-techno",2,0.0067708770053475946,0.017422007130124782,0.060173307566844914,0.04092775763093849,0.12529394933325577,ORGANIC_CONTROL
The Platters,53,133557.88679245283,"r-n-b,rock-n-roll,rockabilly",3,0.022091970246734396,0.030020190130624087,0.06414793686502177,0.00889811175616836,0.1251582089985486,ORGANIC_CONTROL
Powfu,16,170775.375,sad,1,0.0145636,0.013457029166666665,0.03750318666666666,0.05938051666666667,0.12490433249999999,ORGANIC_CONTROL
Hov1,11,189973.0909090909,swedish,1,0.01214309090909091,0.015658072727272727,0.01281329090909091,0.08426708854545453,0.12488154309090908,ORGANIC_CONTROL
FINNEAS,10,183041.5,"electro,indie,indie-pop",3,0.010695433333333329,0.0047929,0.039262744,0.07004294400000001,0.12479402133333334,ORGANIC_CONTROL
Marco Antonio Muñiz,16,179220.75,rock-n-roll,1,0.008601316666666666,0.0461433825,0.014976862500000004,0.05504678333333333,0.124768345,ORGANIC_CONTROL
Alka Yagnik,15,324326.5333333333,k-pop,1,0.015476123809523812,0.03655025714285714,0.05211269523809524,0.020604971428571428,0.12474404761904762,ORGANIC_CONTROL
Zé Ramalho,25,264880.2,"brazil,mpb",2,0.01909775666666667,0.022595393333333335,0.027781416666666666,0.05521571898766667,0.12469028565433334,ORGANIC_CONTROL
Lifafa,12,249256.91666666666,"electro,electronic,indian,indie",4,0.011534810606060604,0.021498265151515154,0.041500216969696975,0.050153607878787886,0.12468690060606062,ORGANIC_CONTROL
Sam Smith,46,203136.91304347827,"dance,pop",2,0.014664960869565216,0.030383009178743967,0.007907318357487926,0.07160267681159418,0.12455796521739129,ORGANIC_CONTROL
Beyond,14,287129.78571428574,cantopop,1,0.020336593406593405,0.021641230769230767,0.03385683516483516,0.04867243412087912,0.12450709346153846,ORGANIC_CONTROL
Diante do Trono;Ana Paula Valadão,10,572552.9,"brazil,gospel",2,0.008182544444444446,0.025274455555555554,0.010240566777777776,0.08077843211111112,0.1244759988888889,ORGANIC_CONTROL
Bounty Killer,13,204043.61538461538,j-dance,1,0.01397847435897436,0.01674573076923077,0.04568976923076923,0.04804838896923077,0.12446236332820512,ORGANIC_CONTROL
George Ezra,23,194471.26086956522,"folk,singer-songwriter,songwriter",3,0.002417893280632411,0.018994422924901184,0.0682761581027668,0.034609523122529635,0.12429799743083003,ORGANIC_CONTROL
Zaeden,34,156751.70588235295,"edm,indian,indie,indie-pop",4,0.02473094117647059,0.011450795900178251,0.044157725490196066,0.043799668449197866,0.12413913101604278,ORGANIC_CONTROL
Crystal Castles,20,203618.6,"alternative,hardcore,indie,r-n-b",4,0.008825039473684208,0.026692871052631583,0.08483131536842106,0.0037569745042526316,0.12410620039898948,ORGANIC_CONTROL
Fiji Blue,15,167648.93333333332,chill,1,0.010392780952380954,0.014665066666666667,0.045126638095238085,0.05373487457142858,0.12391936028571429,ORGANIC_CONTROL
Joan Sebastian,34,170941.91176470587,r-n-b,1,0.00842207486631016,0.024789180035650626,0.034258477718360075,0.056295561497326216,0.12376529411764708,ORGANIC_CONTROL
Danna Paola,12,210605.25,latin,1,0.019247840909090916,0.012374878787878789,0.07095627272727273,0.021097996620454543,0.12367698904469698,ORGANIC_CONTROL
Fresno,23,214057.0,"brazil,emo,r-n-b",3,0.004629901185770749,0.021935901185770743,0.04602826086956522,0.05091208983431227,0.12350615307541898,ORGANIC_CONTROL
Claire Rosinkranz,27,157706.2962962963,"indie,indie-pop",2,0.025793410256410246,0.017157532763532764,0.039697840455840454,0.04084517378917379,0.12349395726495725,ORGANIC_CONTROL
Surgeon,38,348184.7631578947,detroit-techno,1,0.01676976742532005,0.016640603129445233,0.054806349957325765,0.035047966132206974,0.12326468664429802,ORGANIC_CONTROL
Samuca e a Selva,18,246227.66666666666,afrobeat,1,0.012919663398692813,0.019813555555555556,0.04103206535947712,0.04942152852941176,0.12318681284313725,ORGANIC_CONTROL
Fernandinho,38,352500.55263157893,"brazil,gospel",2,0.009864859886201989,0.024700147937411092,0.023498548876244668,0.06499747454802632,0.12306103124788406,ORGANIC_CONTROL
Radiohead,20,266437.05,"alt-rock,alternative,indie,rock",4,0.014154063157894742,0.027185831578947366,0.027052786842105273,0.054649388710526325,0.12304207028947371,ORGANIC_CONTROL
Armandinho,13,224806.15384615384,"brazil,reggae",2,0.008328076923076924,0.00715007692307692,0.05712483333333332,0.050437393941025636,0.1230403811205128,ORGANIC_CONTROL
M83,12,253230.5,"french,indie",2,0.017150242424242425,0.05646499242424242,0.010797145454545454,0.03852603639442423,0.12293841669745453,ORGANIC_CONTROL
Michael Ball;Alfie Boe,20,245330.95,"opera,show-tunes",2,0.03488672631578947,0.025185923684210524,0.02682285263157895,0.03592005,0.12281555263157895,ORGANIC_CONTROL
Canção & Louvor,10,284817.9,"brazil,gospel",2,0.0015662333333333336,0.028233377777777777,0.007967822222222223,0.084995225,0.12276265833333333,ORGANIC_CONTROL
Gusttavo Lima,24,208772.375,sertanejo,1,0.017314231884057972,0.020823519927536234,0.03440191123188406,0.050065309981884056,0.12260497302536233,ORGANIC_CONTROL
hope mona,16,158898.0625,study,1,0.014098729166666664,0.021459295833333333,0.048446090000000004,0.03854379999999999,0.122547915,ORGANIC_CONTROL
Kester,24,341534.125,malay,1,0.011695536231884057,0.01725282427536232,0.037993304347826086,0.05507872601576086,0.12202039087083333,ORGANIC_CONTROL
Culture Club,21,255533.66666666666,"disco,synth-pop",2,0.006870428571428573,0.039162547619047625,0.055779514285714295,0.02020559761904762,0.12201808809523812,ORGANIC_CONTROL
Aerosmith,16,296183.125,"hard-rock,rock",2,0.009630229166666669,0.021692329166666666,0.06691265,0.023684963009583337,0.12192017134291668,ORGANIC_CONTROL
Los Fabulosos Cadillacs,39,239408.1794871795,"alt-rock,ska",2,0.015527357624831309,0.016938242914979758,0.06681862887989203,0.022480030980701757,0.12176426040040485,ORGANIC_CONTROL
Tan Taşçı,23,270710.60869565216,turkish,1,0.009385422924901186,0.02217941897233202,0.027232620553359687,0.06282533928853756,0.12162280173913045,ORGANIC_CONTROL
EXILE,10,267285.0,j-pop,1,0.013378266666666664,0.02076573333333333,0.06931978888888889,0.018061342534444445,0.12152513142333332,ORGANIC_CONTROL
Moderat,18,283667.3333333333,"electronic,minimal-techno,techno",3,0.013287898692810454,0.021551859477124184,0.05993237441176471,0.02661976469705882,0.12139189727875817,ORGANIC_CONTROL
Michael W. Smith,30,278762.43333333335,"alt-rock,world-music",2,0.011213454022988505,0.02671978850574713,0.015509338574712643,0.0677953523678161,0.12123793347126438,ORGANIC_CONTROL
Kinderen voor Kinderen,28,175395.92857142858,children,1,0.009215813492063492,0.02228046957671958,0.04630192989417989,0.04343685173273016,0.12123506469569312,ORGANIC_CONTROL
Mark D. Pencil,12,183062.0,kids,1,0.018831719696969697,0.009725151515151517,0.08894342424242425,0.003658767191786288,0.12115906264633175,ORGANIC_CONTROL
Mokhov,18,255272.16666666666,idm,1,0.006682339869281043,0.010077035947712419,0.03465776470588236,0.06973010212058824,0.12114724264346406,ORGANIC_CONTROL
Serkan Kaya,14,278486.21428571426,show-tunes,1,0.019478747252747248,0.01982984615384616,0.0320858021978022,0.04974984615384615,0.12114424175824176,ORGANIC_CONTROL
Trazendo a Arca,63,387165.5396825397,"brazil,gospel,groove",3,0.008865861751152072,0.032201684075780855,0.02972904286226319,0.05023570689585252,0.12103229558504863,ORGANIC_CONTROL
Eddie Meduza,13,192625.38461538462,swedish,1,0.021532974358974357,0.025524756410256408,0.013715141025641019,0.060057355641025635,0.12083022743589741,ORGANIC_CONTROL
Jay Chou,93,256512.688172043,mandopop,1,0.012160183964469374,0.018471477793361384,0.040235809256661995,0.049885898316970566,0.12075336933146331,ORGANIC_CONTROL
Los Enanitos Verdes,29,235738.1379310345,"alt-rock,alternative,latin,rock,ska",5,0.0057774211822660074,0.02775194827586207,0.06544954187192119,0.021751953233251235,0.1207308645633005,ORGANIC_CONTROL
Shirley Carvalhaes,12,294430.3333333333,"brazil,gospel",2,0.014964787878787881,0.020731659090909096,0.010619537878787878,0.07438642992424244,0.12070241477272729,ORGANIC_CONTROL
DGHTR,12,121146.41666666667,study,1,0.004108628787878787,0.028066595378787883,0.048644090909090915,0.03984372727272728,0.12066304234848486,ORGANIC_CONTROL
KK,14,292852.85714285716,"pop,pop-film",2,0.016333961538461544,0.03209556593406593,0.03687022527472528,0.03529817785714285,0.1205979306043956,ORGANIC_CONTROL
Aretha Franklin,11,221524.63636363635,"blues,jazz,soul",3,0.02042587272727272,0.03350981818181818,0.03523621818181818,0.03134976363636364,0.12052167272727271,ORGANIC_CONTROL
Ben Mazué,12,199048.66666666666,french,1,0.009926022727272726,0.028991840909090908,0.039003878787878796,0.04230587878787879,0.12022762121212122,ORGANIC_CONTROL
Balsam Range,20,203184.85,bluegrass,1,0.0027379473684210533,0.022960892105263156,0.03675216842105264,0.057739081578947374,0.12019008947368422,ORGANIC_CONTROL
Joy Division,15,217982.2,"alt-rock,alternative,punk,punk-rock",4,0.009119066666666665,0.05644174285714283,0.04388092380952381,0.010738006912050287,0.1201797402453836,ORGANIC_CONTROL
Ollie,20,188230.25,sad,1,0.009387042105263158,0.015352365789473684,0.010979292105263156,0.08442975042105261,0.1201484504210526,ORGANIC_CONTROL
Röyksopp,22,289312.0909090909,trip-hop,1,0.017750512987012985,0.03342358658008658,0.05087521212121211,0.01799446307788823,0.1200437747661999,ORGANIC_CONTROL
ChuChu TV,33,149387.72727272726,children,1,0.013323445075757577,0.024417655303030302,0.03886673863636364,0.04318530009374999,0.1197931391089015,ORGANIC_CONTROL
Chord Overstreet,11,210804.9090909091,acoustic,1,0.013415072727272728,0.008931563636363635,0.02349470818181818,0.07387901090909091,0.11972035545454546,ORGANIC_CONTROL
Stephen Lynch,22,208324.5909090909,comedy,1,0.01650088528138528,0.04050508441558442,0.026513333333333337,0.03618321015151514,0.11970251318181818,ORGANIC_CONTROL
Lund,39,210273.76923076922,"chill,emo,sad",3,0.011037147098515516,0.007762835357624832,0.03155336726045884,0.0692939728588394,0.11964732257543859,ORGANIC_CONTROL
Deterioration,11,85928.36363636363,grindcore,1,0.013098072727272727,0.018280490909090903,0.05407179363636365,0.03413443274727272,0.11958479002,ORGANIC_CONTROL
brakence,10,207988.2,"emo,sad",2,0.017819288888888885,0.04193128888888889,0.020465066666666667,0.039367555555555565,0.1195832,ORGANIC_CONTROL
Zara Larsson,33,194323.27272727274,"dance,edm,electro,house,swedish",5,0.011290604166666666,0.018339820075757574,0.04148284280303031,0.04846607483181818,0.11957934187727273,ORGANIC_CONTROL
The Smith Street Band,29,239370.41379310345,"emo,garage,punk",3,0.01375605172413793,0.04066160591133004,0.04275693901477833,0.022280999041733994,0.1194555956919803,ORGANIC_CONTROL
Jubiläumscast Wien 2012,33,159310.84848484848,show-tunes,1,0.01193494318181818,0.026730172348484852,0.04349577729166667,0.03708508757575757,0.11924598039772727,ORGANIC_CONTROL
The Beach Boys,176,140674.20454545456,"psych-rock,rock",2,0.010425021298701298,0.013973957370129873,0.05998717685064935,0.034845520521662336,0.11923167604114286,ORGANIC_CONTROL
LooLoo Kids,24,106883.83333333333,children,1,0.01236245652173913,0.03843710144927536,0.028478606884057966,0.039879452173913046,0.1191576170289855,ORGANIC_CONTROL
Kyson,33,185190.48484848486,"ambient,idm",2,0.022794363636363637,0.011698661098484848,0.011963077670454545,0.07259850314393938,0.11905460554924241,ORGANIC_CONTROL
Masaharu Fukuyama,37,288775.1081081081,"acoustic,j-pop,j-rock",3,0.009117088588588586,0.033692785285285284,0.03705060210210211,0.039158236150003,0.11901871212597899,ORGANIC_CONTROL
The Everly Brothers,16,138719.6875,"r-n-b,rock-n-roll,rockabilly",3,0.012730116666666664,0.022261962500000003,0.05418462916666667,0.02981472916666666,0.1189914375,ORGANIC_CONTROL
Soda Stereo,71,271659.28169014084,"alt-rock,punk,punk-rock,ska",4,0.01797806961770624,0.015257559356136825,0.06459313521126761,0.021053975244138233,0.1188827394292489,ORGANIC_CONTROL
Tineidae,12,341508.8333333333,idm,1,0.00855704606060606,0.03620733333333334,0.00011637174242424245,0.07393287696969696,0.1188136281060606,ORGANIC_CONTROL
Tritonal,25,138989.04,"dub,dubstep,trance",3,0.029499826666666663,0.013758756666666663,0.07370095226666666,0.0018520394089999997,0.11881157500899998,ORGANIC_CONTROL
Cavetown,11,211269.63636363635,"indie,indie-pop",2,0.01183045454545455,0.02008129090909091,0.014436290909090913,0.07219756088181817,0.11854559724545453,ORGANIC_CONTROL
Victor & Leo,10,230338.4,sertanejo,1,0.007849566666666669,0.024961877777777784,0.03782178888888889,0.04761854444444444,0.11825177777777778,ORGANIC_CONTROL
Manjari,13,283835.92307692306,malay,1,0.008846564102564103,0.024180499999999994,0.03374966666666667,0.05145539025641025,0.11823212102564101,ORGANIC_CONTROL
Ekwon,10,271826.6,iranian,1,0.009526711111111112,0.04136121111111111,0.0028079378888888886,0.06447017501577859,0.1181660351268897,ORGANIC_CONTROL
Dinah Washington,11,158294.0,"blues,jazz,soul",3,0.0012897636363636362,0.0063026,0.04484825454545456,0.06562001818181817,0.11806063636363637,ORGANIC_CONTROL
Najim Arshad,19,229679.7894736842,malay,1,0.019940988304093563,0.009942204678362572,0.03967348538011697,0.04835533369883041,0.11791201206140352,ORGANIC_CONTROL
Clinton Kane,18,187128.66666666666,"singer-songwriter,songwriter",2,0.004008888888888888,0.026165045751633982,0.029703163398692806,0.05772870588235295,0.11760580392156864,ORGANIC_CONTROL
Kodak Black,25,191216.36,hip-hop,1,0.012876556666666669,0.013987916666666668,0.05723161606666668,0.03349160519233333,0.11758769459233334,ORGANIC_CONTROL
Coldplay,12,250562.75,pop,1,0.011793174242424242,0.02186387878787879,0.007188992424242423,0.0767231345719697,0.11756918002651516,ORGANIC_CONTROL
Jah Vinci,13,192955.07692307694,"dancehall,j-dance",2,0.00831925641025641,0.03073607692307692,0.06402930769230769,0.014433382364102564,0.11751802338974358,ORGANIC_CONTROL
D’MASIV,13,246445.46153846153,malay,1,0.0030006923076923084,0.014506435897435896,0.032175576923076925,0.06778348255897436,0.1174661876871795,ORGANIC_CONTROL
Negritude Junior,11,237848.27272727274,"pagode,samba",2,0.00518361818181818,0.02309956363636364,0.0417512,0.04741935563636363,0.11745373745454546,ORGANIC_CONTROL
Natalia Jiménez,18,214148.66666666666,spanish,1,0.012942967320261437,0.03235272222222222,0.03388934967320262,0.03817158507712418,0.11735662429281046,ORGANIC_CONTROL
Astor Piazzolla,20,298322.8,tango,1,0.011723923684210526,0.02088366357894737,0.030859744105263154,0.05362013421052632,0.11708746557894736,ORGANIC_CONTROL
Sajeer Koppam,22,274155.04545454547,malay,1,0.01543037445887446,0.019473497835497837,0.03627263203463203,0.045833428571428574,0.1170099329004329,ORGANIC_CONTROL
Dopplereffekt,12,186166.41666666666,detroit-techno,1,0.007086265151515152,0.007599878787878784,0.08274836363636363,0.019574002651515154,0.11700851022727272,ORGANIC_CONTROL
Fluke,25,379750.6,"breakbeat,trip-hop",2,0.014325943333333332,0.032106656666666664,0.0618910024,0.008635187420416668,0.11695878982041666,ORGANIC_CONTROL
Ariana Grande,11,192595.9090909091,"dance,pop",2,0.005130490909090909,0.027958454545454547,0.028899418181818192,0.054737997999999996,0.11672636163636364,ORGANIC_CONTROL
Upchurch,22,188726.72727272726,country,1,0.03449789826839826,0.011631422077922081,0.03422290259740259,0.03627990133635498,0.11663212428007791,ORGANIC_CONTROL
Jorge & Mateus,18,193380.44444444444,sertanejo,1,0.018137558823529406,0.02674375163398693,0.03004538888888889,0.04168603349673202,0.11661273284313725,ORGANIC_CONTROL
The Who,27,281785.0740740741,"blues,british,hard-rock,psych-rock",4,0.016252507122507125,0.023153256410256416,0.042207601139601134,0.03476217564102564,0.11637554031339031,ORGANIC_CONTROL
Kate Bush,37,235339.0810810811,"piano,pop,r-n-b,rock,singer-songwriter,songwriter",6,0.014684881381381382,0.019084435435435435,0.03261863363363363,0.04998607807807807,0.11637402852852852,ORGANIC_CONTROL
Igor Talkov,26,361884.0,romance,1,0.02411558153846154,0.01843460461538462,0.04683882746153847,0.02687931846153847,0.1162683320769231,ORGANIC_CONTROL
Bee Gees,38,223206.73684210525,"disco,rock",2,0.021126568990042675,0.03114831934566144,0.04006322617354196,0.023859789277169276,0.11619790378641535,ORGANIC_CONTROL
That Girl Lay Lay,13,172621.23076923078,kids,1,0.004431076923076921,0.014471269230769234,0.05078289743589743,0.046487307692307696,0.11617255128205128,ORGANIC_CONTROL
Sonu Nigam,12,337948.75,pop-film,1,0.013797295454545454,0.04079878787878788,0.04079615151515151,0.020626810606060603,0.11601904545454544,ORGANIC_CONTROL
Ellie Goulding,71,227390.01408450704,"dance,edm,electro,indie,indie-pop,pop",6,0.02346013279678068,0.015381788329979875,0.03817570261569416,0.038806711674044266,0.11582433541649899,ORGANIC_CONTROL
Pal Joey,17,277633.4705882353,chicago-house,1,0.005706882352941177,0.06311315441176471,0.04638622058823529,0.0003018213616486029,0.11550807871458978,ORGANIC_CONTROL
Passion;Chris Tomlin,12,368700.5,world-music,1,0.009780727272727274,0.044642083333333325,0.004846503863636363,0.05622879040909092,0.11549810487878788,ORGANIC_CONTROL
Il Volo,36,228458.47222222222,opera,1,0.016900085714285713,0.018226158730158728,0.03742578399999999,0.042723303968253974,0.11527533241269841,ORGANIC_CONTROL
Ray Charles,23,171668.91304347827,"blues,jazz,piano,soul",4,0.01328362055335968,0.031490328063241105,0.03130695256916995,0.0391182371541502,0.11519913833992093,ORGANIC_CONTROL
Eikichi Yazawa,103,242989.4563106796,"j-rock,rockabilly",2,0.009143256805634875,0.027627433466590516,0.04309290424519322,0.035256894407255476,0.1151204889246741,ORGANIC_CONTROL
Jon Kennedy,12,218647.5,trip-hop,1,0.013768810606060604,0.025956787878787888,0.038378486287878794,0.036864310266810606,0.11496839503953789,ORGANIC_CONTROL
Fritz Kalkbrenner,15,315896.73333333334,"minimal-techno,techno",2,0.0037318857142857142,0.028597552380952386,0.08138544095238096,0.0011983693730666667,0.11491324842068572,ORGANIC_CONTROL
44phantom,15,169848.73333333334,"emo,sad",2,0.013207838095238095,0.026426399999999996,0.0173786,0.05755952402857142,0.1145723621238095,ORGANIC_CONTROL
Days N Daze,22,183637.45454545456,"acoustic,punk",2,0.00761903896103896,0.02069775108225108,0.017587170995670993,0.06864238969696969,0.11454635073593072,ORGANIC_CONTROL
Александр Добронравов,14,252970.0,romance,1,0.017696307692307692,0.023093719780219787,0.03945022527472527,0.03426983148351649,0.11451008423076924,ORGANIC_CONTROL
Roy Orbison,19,186689.47368421053,"r-n-b,rock-n-roll,rockabilly",3,0.007569818713450293,0.013229596491228068,0.05619147953216373,0.03748002830409357,0.11447092304093566,ORGANIC_CONTROL
Deep Chills,10,175356.9,"deep-house,french,house",3,0.0030130666666666663,0.010566933333333337,0.08462609999999998,0.016183645444444446,0.11438974544444443,ORGANIC_CONTROL
Yusuf / Cat Stevens,21,170512.7619047619,"british,folk,singer-songwriter,songwriter",4,0.01671271428571429,0.019245278571428576,0.031081661904761904,0.047242390476190485,0.11428204523809525,ORGANIC_CONTROL
ILLENIUM,11,204365.27272727274,"dub,dubstep",2,0.014341200000000004,0.005284563636363639,0.008430836545454545,0.08619465490909092,0.11425125509090911,ORGANIC_CONTROL
Tarja,12,254999.16666666666,"goth,opera",2,0.009117606060606059,0.051143787878787886,0.012891710606060607,0.04105416328787878,0.11420726783333333,ORGANIC_CONTROL
Tanmaya Bhatnagar,12,214672.83333333334,"indian,indie,singer-songwriter,songwriter",4,0.018040151515151513,0.06022860606060605,0.00543409090909091,0.030403151515151508,0.11410599999999999,ORGANIC_CONTROL
Kid Travis,12,171245.83333333334,chill,1,0.014833272727272723,0.01213935606060606,0.05397896969696969,0.03310590204545455,0.11405750053030303,ORGANIC_CONTROL
Frank Turner,22,202444.36363636365,acoustic,1,0.012736885281385283,0.043417422077922076,0.0323279329004329,0.025501423449933246,0.1139836637096735,ORGANIC_CONTROL
Estela Nuñez,17,218586.23529411765,"r-n-b,rock-n-roll",2,0.024732095588235293,0.015056139705882354,0.037269007352941176,0.03675924264705882,0.11381648529411764,ORGANIC_CONTROL
Marilyn Manson,105,248872.3142857143,"alt-rock,alternative,industrial,metal",4,0.023719269230769224,0.016048985714285705,0.07384046156043957,0.0001824606112096079,0.1137911771167041,ORGANIC_CONTROL
Kraff Gad,21,183680.61904761905,"dancehall,j-dance",2,0.010547990476190478,0.008295561904761904,0.04683573447619047,0.04806491047619048,0.11374419733333334,ORGANIC_CONTROL
Vybz Kartel,128,179583.578125,"dancehall,j-dance,reggae",3,0.013488106299212597,0.010849940698818896,0.047623064406988186,0.041680285669291335,0.113641397074311,ORGANIC_CONTROL
R.E.M.,21,263128.38095238095,"alt-rock,alternative,indie,indie-pop,rock",5,0.01945473333333334,0.02786559047619047,0.03635786190476191,0.029707577142857135,0.11338576285714286,ORGANIC_CONTROL
New Order,17,284889.82352941175,"punk,punk-rock,synth-pop",3,0.013224566176470592,0.024888889705882364,0.07330951470588236,0.0019163546918597055,0.11333932528009502,ORGANIC_CONTROL
Videoclub,13,219038.46153846153,"french,synth-pop",2,0.0020326410256410227,0.020908564102564104,0.0035091923076923087,0.08688652641025642,0.11333692384615385,ORGANIC_CONTROL
Celtic Thunder,12,242610.83333333334,opera,1,0.013989242424242425,0.020265356060606064,0.04366164992424242,0.035216446969696974,0.11313269537878788,ORGANIC_CONTROL
Los Baby's,27,177696.33333333334,rock-n-roll,1,0.010877871794871792,0.014901541310541309,0.019228310541310543,0.06811336934472935,0.113121092991453,ORGANIC_CONTROL
William Onyeabor,10,460014.5,afrobeat,1,0.012409599999999998,0.03891272222222222,0.016731822222222217,0.044915800728888886,0.11296994517333332,ORGANIC_CONTROL
George Winston,42,231907.2857142857,"new-age,piano",2,0.009685117886178863,0.044172488466666666,0.057426245952380967,0.001427398373983739,0.11271125067921023,ORGANIC_CONTROL
"""Weird Al"" Yankovic",15,246778.33333333334,comedy,1,0.006614685714285713,0.020083571428571426,0.027886285714285714,0.05800256520666668,0.11258710806380953,ORGANIC_CONTROL
Elvis Costello & The Attractions,26,189448.88461538462,power-pop,1,0.010483238461538463,0.030472904615384613,0.036612044615384615,0.03454569893342919,0.11211388662573687,ORGANIC_CONTROL
La Mississippi,11,227850.63636363635,"blues,latino,metal,r-n-b",4,0.03697756363636365,0.01826736363636363,0.01975207272727272,0.03705215441681818,0.11204915441681818,ORGANIC_CONTROL
JJ Lin,29,259722.06896551725,mandopop,1,0.013683472906403942,0.013479310344827588,0.018946953201970446,0.06562267448866996,0.11173241094187193,ORGANIC_CONTROL
Journey,10,258684.9,"hard-rock,rock",2,0.008637566666666667,0.051884233333333335,0.021910899999999997,0.029220696854444443,0.11165339685444445,ORGANIC_CONTROL
Hillsong Worship,78,333557.42307692306,world-music,1,0.0084939333999334,0.029922242590742592,0.01237974927905428,0.0608043534790013,0.11160027874873157,ORGANIC_CONTROL
Denise Ho,12,262436.1666666667,cantopop,1,0.014084568181818179,0.01662154545454546,0.005266446969696969,0.07548242204545454,0.11145498265151514,ORGANIC_CONTROL
Luke Vibert,26,259328.65384615384,idm,1,0.021182986153846155,0.026221698461538462,0.059355420615384624,0.0046449582727206154,0.11140506350348986,ORGANIC_CONTROL
Taylor Swift,11,231453.9090909091,pop,1,0.016834963636363637,0.008776472727272725,0.012121218181818183,0.07364622763636364,0.11137888218181818,ORGANIC_CONTROL
Ichika Nito,20,138064.85,"guitar,j-rock",2,0.0246156947368421,0.022179236289473683,0.02726560789473684,0.03721908157894736,0.11127962049999998,ORGANIC_CONTROL
Maceo Plex,10,416882.6,"deep-house,minimal-techno,techno",3,0.02328328888888889,0.04046823333333334,0.047281663222222235,0.00021671662971066658,0.11124990207415512,ORGANIC_CONTROL
Pritam;Arijit Singh,43,272092.67441860464,indian,1,0.011764054263565894,0.03054311184939092,0.02735516611295682,0.04155092358803986,0.1112132558139535,ORGANIC_CONTROL
The Lil Smokies,10,262576.2,bluegrass,1,0.020109733333333338,0.01014667777777778,0.03873528888888889,0.04218261433333333,0.11117431433333334,ORGANIC_CONTROL
Rilès,10,182950.7,french,1,0.003333377777777775,0.02611698888888889,0.024132766666666666,0.057528580555555556,0.1111117138888889,ORGANIC_CONTROL
Robert Hood,78,359644.42307692306,"chicago-house,detroit-techno",2,0.005304642191142193,0.023428573426573427,0.05835004340492842,0.023982716434951486,0.11106597545759553,ORGANIC_CONTROL
Porsche Love,10,144348.6,sad,1,0.009221955555555557,0.008037655555555558,0.04983831999999999,0.04388593377777777,0.11098386488888887,ORGANIC_CONTROL
Punch Brothers,14,243221.85714285713,bluegrass,1,0.010039148351648354,0.03109888461538461,0.060767807692307704,0.009027148351648352,0.11093298901098902,ORGANIC_CONTROL
Isak Danielson,27,202313.0,"singer-songwriter,songwriter,swedish",3,0.01096502564102564,0.013458968660968665,0.01786666096866097,0.06848750102564104,0.11077815629629631,ORGANIC_CONTROL
The Baseballs,22,197006.63636363635,rockabilly,1,0.011396380952380951,0.015421777056277055,0.02463794155844156,0.05882182772056278,0.11027792728766235,ORGANIC_CONTROL
Bella Poarch,16,154881.1875,alternative,1,0.00348065,0.006066249999999995,0.0569834,0.04371960249999999,0.11024990249999998,ORGANIC_CONTROL
Leo Sayer,10,224349.0,"country,disco,folk,singer-songwriter,songwriter",5,0.0022842333333333337,0.02198032222222222,0.045167788888888886,0.040667244888888884,0.11009958933333333,ORGANIC_CONTROL
Desmond Dennis,35,173360.2,kids,1,0.0049800672268907565,0.019725549579831934,0.0432180756302521,0.0421451068517647,0.1100687992887395,ORGANIC_CONTROL
Blake Rules;Netherfriends,54,135449.85185185185,kids,1,0.00821963277428372,0.02003281201956674,0.04510272773235499,0.03658826592931516,0.10994343845552061,ORGANIC_CONTROL
Sia,12,190677.16666666666,"dance,pop",2,0.01572499242424242,0.016833477272727274,0.031187969696969697,0.046187451742424245,0.10993389113636363,ORGANIC_CONTROL
Ministry,21,316567.95238095237,industrial,1,0.017975790476190478,0.024046014285714283,0.06410479333333335,0.0037568710129455597,0.10988346910818367,ORGANIC_CONTROL
Mokita,17,173000.11764705883,"chill,electro",2,0.006001058823529411,0.027175720588235298,0.025168507352941176,0.05152454470588235,0.10986983147058824,ORGANIC_CONTROL
Die Toten Hosen,51,216660.17647058822,"german,punk,punk-rock",3,0.016225083137254907,0.0361610337254902,0.021857007058823538,0.03558797002056041,0.10983109394212906,ORGANIC_CONTROL
Akina Nakamori,27,248194.22222222222,"j-idol,techno",2,0.005812794871794872,0.013517410256410255,0.03922169230769231,0.05122476456410257,0.10977666200000001,ORGANIC_CONTROL
Samuel Kim,29,199858.44827586206,anime,1,0.01695126108374384,0.026833167487684727,0.014673532339901476,0.05128413191661577,0.10974209282794582,ORGANIC_CONTROL
WowKidz,35,44006.6,children,1,0.004408374789915964,0.01860264369747899,0.05145155610084034,0.03521850420168067,0.10968107878991597,ORGANIC_CONTROL
Fireboy DML,15,190777.8,dancehall,1,0.018674695238095233,0.013998780952380949,0.03626980952380953,0.040737079523809526,0.10968036523809524,ORGANIC_CONTROL
Ella Fitzgerald;Louis Armstrong,28,266504.8214285714,"blues,jazz",2,0.012953470899470902,0.02293691735449736,0.04627948148148149,0.027487322751322756,0.10965719248677251,ORGANIC_CONTROL
King,23,218171.73913043478,"hip-hop,pop",2,0.01177878260869565,0.019998703557312255,0.041936620553359685,0.03574894754940711,0.1094630542687747,ORGANIC_CONTROL
Finding Hope,11,187047.72727272726,chill,1,0.015518272727272723,0.00968396,0.036479485636363634,0.047687363636363646,0.109369082,ORGANIC_CONTROL
Alphaxone,78,357892.8076923077,iranian,1,0.003035783944388945,0.017438674760239758,0.001686637071262071,0.0872079357992008,0.10936903157509158,ORGANIC_CONTROL
Town Mountain,11,232405.63636363635,bluegrass,1,0.006785163636363637,0.025434054545454547,0.0330854909090909,0.043793454545454545,0.10909816363636363,ORGANIC_CONTROL
YUNGBLUD,42,189984.33333333334,"british,indie,rock",3,0.01318668583042973,0.020678130081300813,0.044679119628339134,0.030513410191785273,0.10905734573185495,ORGANIC_CONTROL
Havoc Mathan;Havoc Naven,23,208164.65217391305,malay,1,0.00666199604743083,0.005787249011857706,0.03965614624505929,0.056922183630039536,0.10902757493438736,ORGANIC_CONTROL
Murilo Huff,26,256308.42307692306,sertanejo,1,0.021163624615384617,0.01801144,0.04424951384615385,0.025433136384615383,0.10885771484615385,ORGANIC_CONTROL
Juanafé,13,238064.3076923077,afrobeat,1,0.004770076923076922,0.017761089743589743,0.022939564102564102,0.06332676423076923,0.108797495,ORGANIC_CONTROL
Stephen Sanchez,45,199175.6888888889,"pop,singer-songwriter,songwriter",3,0.007357181818181819,0.031094067676767676,0.013595881818181816,0.05661275437373737,0.10865988568686868,ORGANIC_CONTROL
Creep Hyp,45,217999.44444444444,"alt-rock,alternative,j-pop,j-rock",4,0.015689863636363637,0.019975500000000004,0.04140274040404041,0.03153201692843637,0.10860012096884042,ORGANIC_CONTROL
James Brown,32,233234.1875,"funk,soul",2,0.025775096774193547,0.011189274193548386,0.038903028225806456,0.03260577016129032,0.10847316935483871,ORGANIC_CONTROL
Lazy Leopard,11,106724.0,study,1,0.004254890909090911,0.01884765454545454,0.028617890909090914,0.05656316363636364,0.10828360000000001,ORGANIC_CONTROL
Rojin Sharafi,22,380597.7272727273,iranian,1,0.007962441558441561,0.021449203463203465,0.011600279761904761,0.06726992820921211,0.1082818529927619,ORGANIC_CONTROL
Maximillian,12,180856.0,"singer-songwriter,songwriter",2,0.0021649696969696973,0.005707878787878787,0.013094696969696971,0.08725142424242423,0.10821896969696969,ORGANIC_CONTROL
Sérgio Reis,10,207239.7,sertanejo,1,0.015331433333333335,0.01786987777777778,0.03499387777777778,0.03998956666666667,0.10818475555555557,ORGANIC_CONTROL
Kenny Larkin,30,349115.06666666665,"chicago-house,detroit-techno,minimal-techno",3,0.009187820689655169,0.022693775862068964,0.0657251878275862,0.01056337148726437,0.1081701558665747,ORGANIC_CONTROL
Mini Pop Kids,58,200770.9827586207,kids,1,0.01226307924984876,0.018957367211131275,0.04490323805202661,0.03202963927093164,0.10815332378393828,ORGANIC_CONTROL
Powerman 5000,11,174295.45454545456,industrial,1,0.0052964000000000015,0.048526400000000004,0.04825650818181818,0.006048131468473637,0.10812743965029183,ORGANIC_CONTROL
Felix Da Housecat,26,229138.1923076923,chicago-house,1,0.012781244615384612,0.03142170615384615,0.05666891846153846,0.007033220240074353,0.10790508947084358,ORGANIC_CONTROL
Underground Resistance,21,240851.7142857143,detroit-techno,1,0.012884733333333334,0.04640464761904762,0.044856731904761915,0.0035593673915619043,0.10770548024870477,ORGANIC_CONTROL
Alka Yagnik;Udit Narayan,19,341539.8947368421,"k-pop,pop-film",2,0.012982274853801169,0.03881200584795322,0.01734314619883041,0.03832471783625731,0.10746214473684211,ORGANIC_CONTROL
Ángeles Del Infierno,11,234387.63636363635,spanish,1,0.021994854545454544,0.028070490909090907,0.05409716272727272,0.003015403724018182,0.10717791190583635,ORGANIC_CONTROL
Måneskin,12,198902.75,"indie,indie-pop,rock",3,0.008601060606060603,0.018185454545454546,0.07712396969696969,0.0032179990696969696,0.1071284839181818,ORGANIC_CONTROL
Parachute,18,228055.27777777778,"acoustic,punk,punk-rock",3,0.0059660294117647086,0.03980605555555555,0.016429349673202615,0.044919524183006536,0.10712095882352941,ORGANIC_CONTROL
Armaan Malik,10,217883.6,"pop,pop-film",2,0.028871166666666663,0.00615978888888889,0.01236761111111111,0.05964351111111112,0.10704207777777779,ORGANIC_CONTROL
Brock Ansiolitiko,14,222833.64285714287,spanish,1,0.004666593406593408,0.00891495054945055,0.03385702884615385,0.05959499450549451,0.10703356730769233,ORGANIC_CONTROL
Poop Emoji,24,70192.83333333333,kids,1,0.018218461956521742,0.021282782608695653,0.0202621286231884,0.04726450288043478,0.10702787606884058,ORGANIC_CONTROL
MASN,28,162419.7857142857,"chill,emo,sad",3,0.010428543650793652,0.023662063492063488,0.016617072751322754,0.056300513703703696,0.10700819359788359,ORGANIC_CONTROL
Elis Regina,24,216877.08333333334,"brazil,jazz,mpb,samba",4,0.016870172101449275,0.014609346014492751,0.018561911231884057,0.05676904166666667,0.10681047101449276,ORGANIC_CONTROL
Nationalteatern,10,298914.5,"ska,swedish",2,0.022299733333333335,0.01738987777777778,0.028717777777777787,0.03838358044444445,0.10679096933333335,ORGANIC_CONTROL
Firehouse,12,252989.58333333334,"hard-rock,metal",2,0.005488931818181816,0.02234215151515152,0.07347178787878789,0.005214584758265152,0.10651745597038638,ORGANIC_CONTROL
The Blaze,11,233599.72727272726,french,1,0.013133672727272727,0.01738947272727272,0.008045474545454545,0.06785205384545454,0.10642067384545453,ORGANIC_CONTROL
Cidade Verde Sounds,13,237187.53846153847,dub,1,0.012311435897435894,0.012516064102564098,0.031312474358974364,0.05024825641025641,0.10638823076923076,ORGANIC_CONTROL
Duman,13,266643.1538461539,"alt-rock,alternative,turkish",3,0.019030243589743593,0.01970119230769231,0.031862073589743585,0.03576824627692308,0.10636175576410256,ORGANIC_CONTROL
The Steeldrivers,22,197365.72727272726,bluegrass,1,0.009193655844155844,0.02158622727272727,0.03247977705627706,0.04308891991341991,0.10634858008658009,ORGANIC_CONTROL
Tai Verdes,12,166517.41666666666,"indie,indie-pop",2,0.019861537878787878,0.0056339696969696955,0.053437901515151515,0.02733517878787879,0.10626858787878787,ORGANIC_CONTROL
Alkaline,22,181538.54545454544,"dancehall,j-dance",2,0.01311948917748918,0.00815289393939394,0.030807586580086584,0.054122563317099574,0.10620253301406928,ORGANIC_CONTROL
Léo Magalhães,24,205015.45833333334,"forro,sertanejo",2,0.00919599275362319,0.011387123188405797,0.02736430253623188,0.05824926514492754,0.1061966836231884,ORGANIC_CONTROL
Spice,14,157638.85714285713,"dancehall,j-dance",2,0.005293456043956046,0.007676000000000001,0.06095890109890109,0.03218203456043956,0.1061103917032967,ORGANIC_CONTROL
Holly Humberstone,18,209568.55555555556,"alternative,indie-pop",2,0.028046222222222222,0.013381281045751632,0.04813647058823529,0.016544653594771242,0.10610862745098039,ORGANIC_CONTROL
Alan Menken;Disney,34,104641.20588235294,"disney,show-tunes",2,0.037068384705882355,0.009816505775401071,0.04434150393048128,0.014674880570409983,0.10590127498217469,ORGANIC_CONTROL
The Lumineers,12,183919.25,folk,1,0.010802151515151516,0.031298628787878785,0.02014572727272727,0.043624060606060604,0.10587056818181817,ORGANIC_CONTROL
for KING & COUNTRY,27,218484.0,"alt-rock,world-music",2,0.014495641025641022,0.02645043794871795,0.02341416532763533,0.04150194301652421,0.10586218731851851,ORGANIC_CONTROL
MC STAN,10,236352.6,hip-hop,1,0.00166521111111111,0.009812888888888887,0.016749122222222218,0.07755771377777777,0.10578493599999998,ORGANIC_CONTROL
Grateful Dead,18,433934.5,psych-rock,1,0.006524212418300654,0.029689977124183003,0.02001001633986928,0.04954962418300653,0.10577383006535947,ORGANIC_CONTROL
Kevin Saunderson;e-Dancer,11,255399.0,detroit-techno,1,0.005654854545454548,0.013967818181818182,0.08561905454545454,0.0005049688004525455,0.10574669607317982,ORGANIC_CONTROL
Doja Cat,12,173779.33333333334,"dance,pop",2,0.0033667878787878784,0.032293727272727266,0.0630097196969697,0.0069924753787878775,0.10566271022727272,ORGANIC_CONTROL
New Model Army,42,241602.61904761905,goth,1,0.013052804297328685,0.026081512195121958,0.039886944227642274,0.026603449274853568,0.10562470999494648,ORGANIC_CONTROL
Jesse Rice,16,222023.875,guitar,1,0.014776999999999997,0.018212829166666666,0.03894446666666666,0.03365683795833333,0.10559113379166665,ORGANIC_CONTROL
Criolo;Emicida,10,259554.4,afrobeat,1,0.01576054444444445,0.006822500000000003,0.041236177777777785,0.04168001111111111,0.10549923333333334,ORGANIC_CONTROL
sumika,11,243962.18181818182,"anime,j-pop,j-rock",3,0.024160363636363643,0.035836963636363614,0.026855072727272715,0.018575166545454547,0.10542756654545452,ORGANIC_CONTROL
La Quinta Estacion,11,240936.72727272726,"latin,spanish",2,0.014144654545454544,0.018055363636363637,0.043061218181818184,0.03013418272727273,0.10539541909090909,ORGANIC_CONTROL
Gabriel Brito,25,233874.32,"brazil,gospel",2,0.0035045000000000002,0.022751590000000002,0.012069298400000003,0.0669962051,0.1053215935,ORGANIC_CONTROL
RADWIMPS;Toko Miura,10,232439.8,"emo,j-pop,j-rock",3,0.0018634333333333308,0.054800933333333336,0.023724933333333333,0.0247765,0.1051658,ORGANIC_CONTROL
Calle 13,22,225638.04545454544,afrobeat,1,0.013532207792207792,0.01720225108225108,0.026480893939393943,0.04792917946406926,0.10514453227792207,ORGANIC_CONTROL
The Jayhawks,14,232981.2142857143,power-pop,1,0.011929917582417586,0.013388862637362636,0.04407371978021978,0.03561818752457142,0.10501068752457142,ORGANIC_CONTROL
Edson & Hudson,16,200725.3125,"pagode,sertanejo",2,0.0061987625,0.04281529583333333,0.01501773333333333,0.040922350499999996,0.10495414216666665,ORGANIC_CONTROL
Isadora Pompeo,16,243423.1875,"brazil,gospel",2,0.006193183333333337,0.02422025,0.033729860625000004,0.04071849733958334,0.10486179129791667,ORGANIC_CONTROL
Kenshi Yonezu,21,239960.95238095237,"anime,j-pop",2,0.009293833333333335,0.02102046190476191,0.05797196190476191,0.016474815044761903,0.10476107218761906,ORGANIC_CONTROL
Charlie Brown Jr.,169,203928.89940828402,"alt-rock,brazil,hard-rock,r-n-b",4,0.023031971752606368,0.019242375035221186,0.03429908755987602,0.0281296344546847,0.10470306880238828,ORGANIC_CONTROL
Mahalia,27,183361.66666666666,"alternative,folk,indie-pop",3,0.003723230769230765,0.03141784615384616,0.01585217948717949,0.05366410256410256,0.10465735897435897,ORGANIC_CONTROL
Teoman,26,255880.84615384616,turkish,1,0.017235213846153844,0.029409704615384613,0.03271626615384616,0.024990522653538464,0.10435170726892308,ORGANIC_CONTROL
10cc,10,292379.0,"blues,folk,singer-songwriter,songwriter",4,0.019107122222222217,0.0034036555555555545,0.033026044444444444,0.048784198222222235,0.10432102044444445,ORGANIC_CONTROL
Biquini Cavadão,51,233584.21568627452,"brazil,mpb,r-n-b,ska",4,0.007013746666666666,0.015360892549019607,0.053707254117647055,0.028158498392705882,0.10424039172603922,ORGANIC_CONTROL
Skillibeng,11,171248.63636363635,"dancehall,j-dance",2,0.010303363636363638,0.005561454545454546,0.04312125454545454,0.04523313072727273,0.10421920345454545,ORGANIC_CONTROL
Ceephax Acid Crew,17,336322.0588235294,idm,1,0.011168360294117649,0.021058485294117645,0.06609164029411765,0.005852650886307523,0.10417113676866047,ORGANIC_CONTROL
Hidra,21,204871.42857142858,turkish,1,0.005033857142857143,0.014998147619047613,0.058261647619047605,0.025784287733333335,0.1040779401142857,ORGANIC_CONTROL
Christopher Zondaflex Tyler,35,121167.57142857143,kids,1,0.011467151260504202,0.020392633613445375,0.03389951764705883,0.03823972326765882,0.10399902578866722,ORGANIC_CONTROL
Ron Trent,29,429818.4137931034,chicago-house,1,0.010281923645320198,0.018537399014778327,0.06057896738916256,0.014455167879591132,0.10385345792885221,ORGANIC_CONTROL
Nightwish,60,300925.81666666665,"goth,metal,opera",3,0.011474104802259886,0.039204077683615814,0.026975539593220334,0.02614936723411319,0.10380308931320922,ORGANIC_CONTROL
Lacuna Coil,12,272290.75,goth,1,0.009699174242424244,0.01669481818181818,0.015037098181818186,0.06236819020387818,0.10379928080993879,ORGANIC_CONTROL
Zhanna Bichevskaya,16,236338.5625,romance,1,0.006802333333333331,0.020485195833333334,0.039634129166666664,0.036786562499999995,0.10370822083333332,ORGANIC_CONTROL
Model 500,22,371439.4090909091,detroit-techno,1,0.00825596536796537,0.02718535064935065,0.05475967099567099,0.013218406131450134,0.10341939314443716,ORGANIC_CONTROL
Kijugo,23,146614.8260869565,anime,1,0.003936968379446641,0.013415383399209484,0.027922802371541502,0.05810435177865613,0.10337950592885375,ORGANIC_CONTROL
The Smashing Pumpkins,28,221708.75,"alt-rock,alternative,grunge,metal,rock",5,0.02540534920634921,0.031323534391534395,0.0235007246957672,0.023078412834026403,0.1033080211276772,ORGANIC_CONTROL
Tom Odell,11,194081.0909090909,"chill,pop",2,0.00786647272727273,0.03829381818181818,0.010746523636363636,0.04625787272727273,0.10316468727272728,ORGANIC_CONTROL
Los Pasteles Verdes,25,207614.48,"r-n-b,rock-n-roll",2,0.020721276666666667,0.011100426666666665,0.025484660000000003,0.045823237226093334,0.10312960055942667,ORGANIC_CONTROL
Kite,14,271098.35714285716,synth-pop,1,0.013395148351648354,0.019208571428571426,0.028185842857142852,0.04229750781959055,0.10308707045695319,ORGANIC_CONTROL
Roupa Nova,34,239642.73529411765,"mpb,sertanejo",2,0.011114028520499109,0.014108614081996436,0.03275816844919787,0.04506047386809269,0.1030412849197861,ORGANIC_CONTROL
Frankie Knuckles,11,345695.36363636365,chicago-house,1,0.005900890909090911,0.02042256363636363,0.07610236363636363,0.0005689275222727273,0.10299474570409091,ORGANIC_CONTROL
Stone Temple Pilots,20,270402.2,"alt-rock,alternative,grunge,hard-rock,metal",5,0.01317047105263158,0.03625099736842105,0.025202365789473682,0.028160055927960642,0.10278389013848696,ORGANIC_CONTROL
Anabantha,17,245165.76470588235,goth,1,0.012620625,0.019163860294117645,0.008622074411764706,0.06232756166911765,0.102734121375,ORGANIC_CONTROL
CoComelon,122,147293.59836065574,children,1,0.016486453664815066,0.01456304863839588,0.022371354084812358,0.04920604319468907,0.10262689958271237,ORGANIC_CONTROL
QUEEN BEE,17,217196.41176470587,"anime,j-dance,j-pop,j-rock",4,0.01704263970588235,0.016488389705882355,0.02901311764705882,0.0400552633132353,0.10259941037205883,ORGANIC_CONTROL
Tony Vega,13,292646.3076923077,salsa,1,0.012253064102564102,0.020071423076923074,0.023292435897435893,0.046918005897435895,0.10253492897435897,ORGANIC_CONTROL
Surfaces,15,179633.06666666668,soul,1,0.009292838095238098,0.014546523809523811,0.02998855238095238,0.04870347923809524,0.10253139352380952,ORGANIC_CONTROL
Bryan Adams,157,230824.31847133758,"rock,singer-songwriter,songwriter",3,0.0064352745386248595,0.022206139555773323,0.03709950914584354,0.03662366512686592,0.10236458836710764,ORGANIC_CONTROL
Nusrat Fateh Ali Khan,45,762728.5555555555,"folk,indian",2,0.010510831313131313,0.018632952525252527,0.02479761818181819,0.04832977885858585,0.10227118087878788,ORGANIC_CONTROL
Vaundy,12,225424.66666666666,"j-pop,soul",2,0.012730810606060601,0.022261818181818178,0.0085249696969697,0.05874321230333335,0.10226081078818183,ORGANIC_CONTROL
The Drifters,40,156779.325,"r-n-b,rock-n-roll,rockabilly,soul",4,0.010636891666666667,0.040612048717948726,0.03982843525641026,0.011156096794871789,0.10223347243589745,ORGANIC_CONTROL
Gabby Barrett,22,203506.68181818182,country,1,0.0006343225108225113,0.017954528138528134,0.02319891991341991,0.060432218992207805,0.10221998955497837,ORGANIC_CONTROL
Mindi Dickstein;Jason Howland;'Little Women' Original Broadway Cast,13,164023.07692307694,show-tunes,1,0.026723807692307696,0.00923997435897436,0.06260085897435898,0.003619564102564105,0.10218420512820514,ORGANIC_CONTROL
Opeth,32,441369.25,"death-metal,metal,swedish",3,0.017836435483870965,0.032277668346774195,0.006424901602822581,0.04555708580693417,0.1020960912404019,ORGANIC_CONTROL
Titãs,46,218245.0,"brazil,hard-rock,mpb,r-n-b",4,0.009221585024154592,0.023369981159420287,0.05182585893719806,0.017620195302560388,0.10203762042333332,ORGANIC_CONTROL
SHRK;Shiloh Dynasty,15,140277.8,"chill,sad",2,0.0054834285714285705,0.008544952380952382,0.03642134638095238,0.05148598095238095,0.10193570828571429,ORGANIC_CONTROL
JPEGMAFIA,23,161318.78260869565,industrial,1,0.017269146245059288,0.016781604743083003,0.043193199841897234,0.0246762214422925,0.10192017227233202,ORGANIC_CONTROL
Los Freddy's,23,178568.4347826087,rock-n-roll,1,0.02214529249011857,0.014468600790513835,0.028455711462450586,0.03679692885375494,0.10186653359683794,ORGANIC_CONTROL
Aaron Carl,10,281134.5,detroit-techno,1,0.004719433333333332,0.036618722222222226,0.058943955555555566,0.0015190942346777778,0.1018012053457889,ORGANIC_CONTROL
Gustavo Mioto,14,187139.7857142857,sertanejo,1,0.0076529890109890124,0.03659195604395604,0.016782335164835162,0.04061637362637363,0.10164365384615384,ORGANIC_CONTROL
The Temptations,45,207949.82222222222,"funk,soul",2,0.013758209090909086,0.01188650454545455,0.035064569010101014,0.04091558628282829,0.10162486892929294,ORGANIC_CONTROL
Fall Out Boy,41,212837.07317073172,"emo,rock",2,0.00892900487804878,0.019941859756097555,0.013246702439024394,0.059440415806095125,0.10155798287926586,ORGANIC_CONTROL
K. S. Harisankar,21,249145.2380952381,malay,1,0.0074824,0.018326647619047624,0.01493164761904762,0.06070487047619048,0.10144556571428572,ORGANIC_CONTROL
Humberto & Ronaldo,23,198950.86956521738,"forro,sertanejo",2,0.0062068102766798415,0.021816241106719366,0.03111542292490118,0.04228022134387351,0.1014186956521739,ORGANIC_CONTROL
yaeow,25,147171.8,"chill,sad",2,0.012936256666666668,0.00878751,0.036932130400000006,0.04257916,0.10123505706666668,ORGANIC_CONTROL
Parham,11,214633.27272727274,goth,1,0.014009054545454544,0.008152854545454544,0.01739424363636364,0.0614930989090909,0.10104925163636364,ORGANIC_CONTROL
Grupo Niche,20,292921.45,salsa,1,0.009391852631578948,0.008574555263157894,0.035574365789473684,0.047262558315789474,0.100803332,ORGANIC_CONTROL
The Dead Milkmen,16,131775.25,"hard-rock,hardcore,punk,punk-rock,ska",5,0.007298383333333335,0.03185626666666667,0.005703862499999995,0.0558986603615625,0.1007571728615625,ORGANIC_CONTROL
Henrique & Juliano,72,171142.27777777778,sertanejo,1,0.010516161971830989,0.019575736306729267,0.02678585915492958,0.04386410421752739,0.10074186165101723,ORGANIC_CONTROL
Oingo Boingo,18,340238.27777777775,synth-pop,1,0.004133241830065362,0.022693323529411766,0.03429473202614379,0.03959755523692811,0.10071885262254902,ORGANIC_CONTROL
Zack Tabudlo,16,229327.75,acoustic,1,0.006159050000000001,0.018927895833333333,0.018908954500000002,0.05660758666666667,0.100603487,ORGANIC_CONTROL
Propellerheads,14,291706.35714285716,"breakbeat,trip-hop",2,0.011273104395604397,0.015128489010989014,0.03915336263736264,0.034822839522471456,0.10037779556642751,ORGANIC_CONTROL
Cliff Richard,14,236455.07142857142,"r-n-b,rock-n-roll",2,0.003285450549450549,0.012700730769230773,0.03958413186813186,0.04476287758241758,0.10033319076923077,ORGANIC_CONTROL
Eduardo Costa,20,228672.6,sertanejo,1,0.007431523684210526,0.01971805,0.03420378947368421,0.03896432631578948,0.10031768947368422,ORGANIC_CONTROL
Ben Howard,20,325810.5,"british,folk,singer-songwriter,songwriter",4,0.009937568421052633,0.01941342105263158,0.01462107536842105,0.05630795789473684,0.1002800227368421,ORGANIC_CONTROL
Oliver Wallace,16,120375.5,disney,1,0.022978517291666663,0.008702177291666668,0.060621316666666675,0.007963933333333333,0.10026594458333334,ORGANIC_CONTROL
Amado Batista,11,214493.9090909091,sertanejo,1,0.00614549090909091,0.017736490909090907,0.04584105454545455,0.03048305454545454,0.10020609090909091,ORGANIC_CONTROL
Koffee,18,184182.11111111112,"dancehall,j-dance",2,0.01297138888888889,0.010704575163398693,0.011657647058823531,0.06471944974117648,0.1000530608522876,ORGANIC_CONTROL
Fish Leong,12,261095.16666666666,"malay,mandopop",2,0.009191719696969698,0.02389242424242425,0.03479262878787878,0.032166265151515154,0.10004303787878788,ORGANIC_CONTROL
Allison,12,209272.75,"punk,punk-rock",2,0.01072426515151515,0.023061356060606057,0.05350187878787878,0.012710883778787884,0.09999838377878786,ORGANIC_CONTROL
The Crystal Method,15,333050.06666666665,breakbeat,1,0.009234409523809523,0.018107952380952384,0.06755835238095238,0.005062143353114287,0.09996285763882858,ORGANIC_CONTROL
The Reverend Horton Heat,10,174170.4,"psych-rock,rockabilly",2,0.007447955555555556,0.029498933333333324,0.03565271111111111,0.02717535260200445,0.09977495260200445,ORGANIC_CONTROL
Christina Perri,12,229135.16666666666,"dance,pop,rock",3,0.009102333333333337,0.02395004628787879,0.004400207878787878,0.06229335606060605,0.09974594356060605,ORGANIC_CONTROL
The Smithereens,10,216500.9,"j-pop,j-rock,power-pop,r-n-b",4,0.010303655555555557,0.03889734444444445,0.01321862222222222,0.037182961728888894,0.09960258395111111,ORGANIC_CONTROL
Sade,11,281575.2727272727,british,1,0.003846654545454545,0.02714816363636364,0.024458690909090905,0.04413537563636365,0.09958888472727273,ORGANIC_CONTROL
Shannon & The Clams,37,182956.02702702704,"garage,power-pop",2,0.014693046546546545,0.012674800300300298,0.03058484234234234,0.041599590452252255,0.09955227964144144,ORGANIC_CONTROL
Ekin Cheng,15,223295.6,cantopop,1,0.007633409523809524,0.018080028571428573,0.02039626666666667,0.05340183923809524,0.09951154400000001,ORGANIC_CONTROL
Matogrosso & Mathias,16,216844.875,sertanejo,1,0.0162664,0.005358762500000001,0.018443849999999998,0.059430113958333336,0.09949912645833334,ORGANIC_CONTROL
Roy Davis Jr.,15,369057.26666666666,chicago-house,1,0.005802238095238096,0.030131266666666674,0.062138238095238094,0.0013164597454731425,0.09938820260261601,ORGANIC_CONTROL
Sukima Switch,10,316213.0,"anime,j-pop,j-rock",3,0.005318711111111113,0.010016011111111112,0.03117387777777778,0.052797858334444454,0.09930645833444446,ORGANIC_CONTROL
Carl Craig,27,400846.44444444444,detroit-techno,1,0.028085703703703706,0.025854814814814813,0.0343708517948718,0.010934600669975479,0.0992459709833658,ORGANIC_CONTROL
dhruv,16,192397.375,"chill,pop",2,0.012264662499999999,0.012319850000000002,0.021905895833333335,0.05266455562499999,0.09915496395833333,ORGANIC_CONTROL
Novo Som,24,269114.375,"gospel,groove",2,0.017629114130434786,0.013793157608695652,0.022032796521739128,0.04569706877391304,0.09915213703478261,ORGANIC_CONTROL
The Mamas & The Papas,12,179720.66666666666,"folk,psych-rock",2,0.003984878787878791,0.02178124242424242,0.03228336363636363,0.04102609090909092,0.09907557575757577,ORGANIC_CONTROL
Jackie Mittoo,19,216599.52631578947,"afrobeat,dub,ska",3,0.009500116959064329,0.014294362573099413,0.02211526315789473,0.053065370275257304,0.09897511296531578,ORGANIC_CONTROL
Kenny Chesney,13,214971.6923076923,country,1,0.006594576923076926,0.008105576923076922,0.05333492307692309,0.030898719674358973,0.09893379659743591,ORGANIC_CONTROL
Jack Hartmann,44,152948.97727272726,kids,1,0.010724993657505285,0.022030458773784355,0.028213857822410145,0.037958639930968284,0.09892795018466807,ORGANIC_CONTROL
Atif Aslam,14,300632.4285714286,"pop,pop-film",2,0.01325837912087912,0.026591054945054947,0.007187340659340662,0.05181437912087912,0.09885115384615385,ORGANIC_CONTROL
Scorpions,51,296749.7254901961,"german,hard-rock,metal,rock",4,0.014135374901960785,0.020113451764705883,0.04247998370196078,0.022057341752014903,0.09878615212064235,ORGANIC_CONTROL
Bon Jovi,34,274871.70588235295,"metal,rock",2,0.009337486631016047,0.018576931372549017,0.06601889572192512,0.004807477761187594,0.09874079148667779,ORGANIC_CONTROL
Justnormal,59,144916.94915254237,study,1,0.011570736995908826,0.017589284628872,0.03179432954997077,0.03765879719462302,0.09861314836937463,ORGANIC_CONTROL
K. G. Markose,13,296401.76923076925,malay,1,0.011468935897435898,0.008313410256410256,0.009380756410256411,0.06918836353333334,0.0983514660974359,ORGANIC_CONTROL
Royal & the Serpent,20,163146.1,"alternative,electro,indie,indie-pop",4,0.03899942105263159,0.03278235789473684,0.006995957894736843,0.01956810273684211,0.09834583957894738,ORGANIC_CONTROL
Kidsounds,10,120968.8,kids,1,0.01142248888888889,0.012763155555555555,0.02571721111111111,0.048348137888888885,0.09825099344444443,ORGANIC_CONTROL
Justin Bieber,58,187251.6896551724,pop,1,0.0059660992135511185,0.006703743799153055,0.03939233061101027,0.04610765012704174,0.09816982375075618,ORGANIC_CONTROL
La Sonora Matancera,11,179188.81818181818,salsa,1,0.007211818181818183,0.019129254545454544,0.02542387272727272,0.04626005454545455,0.098025,ORGANIC_CONTROL
Toini & The Tomcats,45,178654.2,rockabilly,1,0.011799825252525252,0.02495757272727273,0.032247146464646465,0.02885924446464646,0.0978637889090909,ORGANIC_CONTROL
Yeni Türkü,14,214461.42857142858,"j-pop,j-rock,jazz,turkish",4,0.005040153846153845,0.026715016483516485,0.0342827967032967,0.03182063032967034,0.09785859736263737,ORGANIC_CONTROL
The Black Keys,45,217156.3111111111,"alt-rock,alternative,blues,garage,punk,punk-rock,rock",7,0.018073643434343437,0.011629482828282823,0.03945228585858585,0.028446976839461624,0.09760238896067373,ORGANIC_CONTROL
Polish Club,11,184203.9090909091,garage,1,0.02157047272727273,0.007391890909090907,0.06647616363636363,0.0020449986228936365,0.0974835258956209,ORGANIC_CONTROL
Patton Oswalt,25,244572.64,comedy,1,0.0039558399999999995,0.06617887333333333,0.0239200384,0.0032121933333333335,0.09726694506666667,ORGANIC_CONTROL
Diana Ross,10,285206.2,"disco,soul",2,0.02961654444444444,0.021540677777777777,0.025029955555555553,0.02105417777777778,0.09724135555555555,ORGANIC_CONTROL
Mr. Fingers,44,339520.0,"chicago-house,deep-house,techno",3,0.005695029069767443,0.02791058086680761,0.04737472040169133,0.01619095896698005,0.09717128930524643,ORGANIC_CONTROL
Eason Chan,101,248276.94059405942,"cantopop,mandopop",2,0.010498465346534655,0.014566185536633662,0.014911734851485146,0.057110769504950476,0.09708715523960394,ORGANIC_CONTROL
Timmies;Shiloh Dynasty,10,116514.0,"chill,sad",2,0.008850933333333333,0.006930488888888888,0.058289155555555555,0.023000711111111113,0.09707128888888888,ORGANIC_CONTROL
Andrés Calamaro,22,187928.13636363635,"alt-rock,alternative,latin,rock",4,0.01792516017316017,0.009454372294372293,0.023660181818181827,0.046020120019047615,0.09705983430476191,ORGANIC_CONTROL
Smokey Robinson & The Miracles,20,202999.8,"funk,soul",2,0.012036263157894734,0.012984094736842108,0.04169062105263157,0.030299130947368417,0.09701010989473682,ORGANIC_CONTROL
Lou Rawls,10,269426.4,"blues,disco,jazz,soul",4,0.007616266666666666,0.04548506666666666,0.026966400000000015,0.016800266666666668,0.09686800000000001,ORGANIC_CONTROL
André Rieu;Johann Strauss Orchestra,15,260221.93333333332,opera,1,0.0060472452380952385,0.04409549523809524,0.03247355923809524,0.014187695238095242,0.09680399495238096,ORGANIC_CONTROL
Anuradha Paudwal,16,790258.125,"k-pop,pop-film",2,0.00987385,0.02666878333333333,0.032420783333333335,0.02782622916666667,0.09678964583333334,ORGANIC_CONTROL
Nelson Ned,12,227827.58333333334,"r-n-b,rock-n-roll",2,0.011742151515151516,0.016046333333333333,0.019696992424242422,0.04925493174242424,0.09674040901515152,ORGANIC_CONTROL
Şanışer,13,215180.61538461538,turkish,1,0.008449589743589744,0.0213779358974359,0.0375643276923077,0.029344713589743585,0.09673656692307693,ORGANIC_CONTROL
Don Williams,10,205092.1,country,1,0.009034055555555556,0.011796844444444446,0.028300711111111113,0.047429733333333335,0.09656134444444445,ORGANIC_CONTROL
Max Richter,16,143990.3125,ambient,1,0.014747320000000001,0.012864117398333335,0.002599744625,0.06630816249999999,0.09651934452333333,ORGANIC_CONTROL
Joe Hisaishi,10,197945.0,"anime,classical",2,0.017537436555555556,0.012206264888888886,0.04577877344444444,0.02094365555555555,0.09646613044444444,ORGANIC_CONTROL
Soweto,18,216355.27777777778,"pagode,samba",2,0.009263411764705885,0.011844382352941177,0.03901766339869281,0.0362925751633987,0.09641803267973857,ORGANIC_CONTROL
The Laurie Berkner Band,14,134634.07142857142,children,1,0.006337956043956042,0.029818527472527466,0.03103053296703297,0.02920086263736264,0.09638787912087912,ORGANIC_CONTROL
Purples,22,272591.54545454547,"gospel,groove",2,0.012151499999999997,0.018531846320346317,0.022853350649350644,0.04280738279220779,0.09634407976190475,ORGANIC_CONTROL
Yonder Mountain String Band,27,294134.44444444444,bluegrass,1,0.006082618233618233,0.010906532763532761,0.03055717948717949,0.048770863333333324,0.09631719381766381,ORGANIC_CONTROL
Attaque 77,39,242190.8205128205,"punk,punk-rock,ska",3,0.014535786774628877,0.021513333333333332,0.05482515519568149,0.005394191819704452,0.09626846712334815,ORGANIC_CONTROL
Desejo De Menina,16,162545.1875,forro,1,0.003706466666666666,0.0067711625,0.059003515833333325,0.026760422500000002,0.0962415675,ORGANIC_CONTROL
The Minds Of 99,19,226332.94736842104,"punk,punk-rock",2,0.005889116959064327,0.00946556140350877,0.07028138596491228,0.010589046078432748,0.09622511040591812,ORGANIC_CONTROL
Nikolay Erdenko,14,212234.92857142858,romance,1,0.011724263736263736,0.026781244175824174,0.014600672087912086,0.04306643956043955,0.09617261956043954,ORGANIC_CONTROL
Flower,32,266058.40625,j-idol,1,0.007908474798387096,0.01295363608870968,0.04405344758064516,0.031168573832258066,0.0960841323,ORGANIC_CONTROL
Shawn Mendes,21,193656.85714285713,"dance,pop",2,0.022334790476190473,0.007494414285714285,0.03490639047619047,0.031300779333333334,0.09603637457142856,ORGANIC_CONTROL
Thiaguinho,30,237510.0,pagode,1,0.009400372413793105,0.018681567816091958,0.051826482758620666,0.016123613793103446,0.09603203678160918,ORGANIC_CONTROL
Jacky Cheung,32,279608.0,"cantopop,mandopop",2,0.008006092741935485,0.01388490322580645,0.01980064112903226,0.05429712934475807,0.09598876644153226,ORGANIC_CONTROL
Tatiana,20,202755.55,children,1,0.006256799999999998,0.024710450000000005,0.04631101052631579,0.01868751125023948,0.09596577177655527,ORGANIC_CONTROL
George Jones;Tammy Wynette,36,157740.5,honky-tonk,1,0.013772885714285718,0.019009406944444442,0.03957085714285714,0.023466857142857143,0.09582000694444444,ORGANIC_CONTROL
Nani Azevedo,10,359520.8,"brazil,gospel",2,0.011054622222222222,0.01830906666666667,0.029109658777777783,0.03720565555555555,0.09567900322222223,ORGANIC_CONTROL
Arijit Singh,52,272763.9423076923,"pop,pop-film",2,0.009599941176470585,0.012582942307692309,0.026295265082956258,0.04716386711915534,0.09564201568627449,ORGANIC_CONTROL
Sonia Rivas,10,192531.6,rock-n-roll,1,0.021840233333333334,0.0038002333333333354,0.05099306666666666,0.018987388888888887,0.09562092222222222,ORGANIC_CONTROL
Nogizaka46,88,264500.86363636365,"j-idol,j-pop",2,0.005184028082549634,0.005758430381400208,0.033177425433646816,0.05149068947553553,0.09561057337313218,ORGANIC_CONTROL
7 Minutoz,13,221358.6923076923,r-n-b,1,0.008200307692307693,0.023289102564102566,0.025835794358974356,0.03807476923076923,0.09539997384615384,ORGANIC_CONTROL
Beenie Man,31,209500.12903225806,"dancehall,j-dance,reggae",3,0.0083917311827957,0.02179745591397849,0.021234258064516127,0.04396804636559139,0.0953914915268817,ORGANIC_CONTROL
TK from Ling tosite sigure,14,242680.85714285713,"anime,j-pop,j-rock,rock",4,0.008611719780219785,0.022672071428571437,0.003877565934065933,0.060193092514835164,0.09535444965769233,ORGANIC_CONTROL
The Devil Makes Three,17,236215.41176470587,bluegrass,1,0.014551904411764707,0.014881257352941175,0.030710499999999995,0.03513863970588235,0.09528230147058822,ORGANIC_CONTROL
Amy Liz,12,136412.75,"children,kids,party",3,0.017715818181818183,0.012271151515151514,0.030664628787878786,0.03459081060606061,0.0952424090909091,ORGANIC_CONTROL
Omar Apollo,18,179041.33333333334,soul,1,0.006579411764705882,0.019948016339869284,0.03513739869281046,0.03355896264705882,0.09522378944444446,ORGANIC_CONTROL
Los Apson,23,161986.52173913043,rock-n-roll,1,0.006925521739130435,0.028036782608695642,0.01837058498023715,0.0418172638339921,0.09515015316205533,ORGANIC_CONTROL
Lil Tjay,13,185775.07692307694,r-n-b,1,0.016080230769230767,0.011064064102564101,0.0164999358974359,0.051440142564102585,0.09508437333333336,ORGANIC_CONTROL
GAYLE,34,167303.26470588235,"alternative,pop",2,0.007894303030303028,0.021927033868092694,0.031057244206773624,0.034133862495543676,0.09501244360071302,ORGANIC_CONTROL
Big Up,14,194305.2857142857,"brazil,mpb,r-n-b,reggae",4,0.017651296703296702,0.002550994505494506,0.017198027472527477,0.05751377324175825,0.09491409192307694,ORGANIC_CONTROL
Psychostick,22,199496.45454545456,industrial,1,0.009556348484848487,0.01511833116883117,0.052833038961038956,0.017260020041655846,0.09476773865637446,ORGANIC_CONTROL
Jubin Nautiyal,27,245132.5185185185,"k-pop,pop,pop-film",3,0.013268333333333333,0.02537222507122507,0.021917413105413102,0.034017156695156696,0.0945751282051282,ORGANIC_CONTROL
D.O.D,13,174577.92307692306,"deep-house,groove,house",3,0.009432166666666667,0.009681064102564103,0.06982924358974359,0.005565187615897434,0.09450766197487179,ORGANIC_CONTROL
Bryan & Katie Torwalt,12,312001.25,world-music,1,0.0049103636363636355,0.010417719696969698,0.009345178409090908,0.069724328675,0.09439759041742424,ORGANIC_CONTROL
Alejandro Sanz,22,255605.54545454544,"latin,rock,spanish",3,0.008863497835497832,0.014263766233766234,0.041224608225108234,0.02996068432900432,0.09431255662337662,ORGANIC_CONTROL
Stephan Bodzin,13,463406.53846153844,"deep-house,minimal-techno,techno",3,0.002658141025641025,0.01780485897435897,0.006599639743589746,0.06719110358974358,0.09425374333333332,ORGANIC_CONTROL
Guns N' Roses,43,353519.67441860464,"hard-rock,metal,rock",3,0.008564565891472867,0.028860054263565887,0.02692172535991141,0.029812158719754383,0.09415850423470455,ORGANIC_CONTROL
Frejat,21,232148.7142857143,"brazil,mpb,r-n-b",3,0.003591514285714285,0.04298871428571428,0.017243828571428567,0.030326915571428574,0.09415097271428571,ORGANIC_CONTROL
Flower Face,28,223182.64285714287,"ambient,folk,indie-pop",3,0.019137497354497348,0.023399855820105824,0.023608446296296298,0.02792528439153439,0.09407108386243386,ORGANIC_CONTROL
For Revenge,30,234808.36666666667,"emo,hardcore",2,0.00474671379310345,0.048191955172413786,0.03214243774712643,0.00896020443187214,0.0940413111445158,ORGANIC_CONTROL
NAALAYAK,11,248028.0,"indian,indie,indie-pop",3,0.01358147272727273,0.011837890909090912,0.008805363636363635,0.0597119409090909,0.09393666818181817,ORGANIC_CONTROL
Orchestral Manoeuvres In The Dark,11,231456.54545454544,synth-pop,1,0.005716690909090908,0.011397290909090908,0.05612729090909091,0.020617556789363632,0.09385882951663636,ORGANIC_CONTROL
Oliver Koletzki,14,356269.28571428574,"electronic,minimal-techno,techno",3,0.003226730769230767,0.013998115384615381,0.019381389230769226,0.057159069951648336,0.0937653053362637,ORGANIC_CONTROL
Pappo,13,275068.46153846156,heavy-metal,1,0.010452410256410256,0.02901960256410256,0.05267308974358975,0.0016033744944102567,0.09374847705851282,ORGANIC_CONTROL
Terrence Parker,32,415537.84375,detroit-techno,1,0.014233741935483872,0.02899425403225807,0.04857204838709678,0.0019154576182086696,0.09371550197304739,ORGANIC_CONTROL
Engenheiros Do Hawaii,25,220259.12,"brazil,mpb,r-n-b",3,0.014639906666666667,0.01582999,0.044568993333333334,0.018568471342333335,0.09360736134233333,ORGANIC_CONTROL
MC Hariel,17,184926.9411764706,funk,1,0.007615249999999997,0.015864308823529412,0.02624305882352941,0.04364174264705883,0.09336436029411765,ORGANIC_CONTROL
Bishop Briggs,22,222764.45454545456,"alt-rock,alternative,electro,rock",4,0.01268121212121212,0.008261212121212122,0.03354543636363637,0.03886526594805195,0.09335312655411257,ORGANIC_CONTROL
Los Tukas,14,168897.0,rock-n-roll,1,0.012034065934065934,0.008427208791208788,0.014927956043956043,0.05789681754120879,0.09328604831043956,ORGANIC_CONTROL
Roni Size,14,396088.64285714284,"breakbeat,drum-and-bass",2,0.008227104395604397,0.004194642857142855,0.07912114285714286,0.0017173711826228568,0.09326026129251297,ORGANIC_CONTROL
Suzonn,28,197234.42857142858,"indian,indie,singer-songwriter,songwriter",4,0.018038433862433863,0.011444661375661377,0.040820698412698406,0.02295306349206349,0.09325685714285714,ORGANIC_CONTROL
Chris Tomlin,78,264414.03846153844,"alt-rock,alternative,world-music",3,0.008723370629370628,0.027527906926406925,0.02354546346486847,0.03338327386614518,0.0931800148867912,ORGANIC_CONTROL
Benito Di Paula,17,248931.41176470587,"mpb,pagode,samba",3,0.006825316176470588,0.02034825,0.0498315294117647,0.016147720588235295,0.09315281617647057,ORGANIC_CONTROL
Green Day,23,242606.52173913043,punk,1,0.011104541501976288,0.03257908695652174,0.046785588932806314,0.002667224580872609,0.09313644197217695,ORGANIC_CONTROL
Orbital,40,425112.325,"breakbeat,hardcore",2,0.01178891282051282,0.023499225,0.055571111480769236,0.002269808457260408,0.09312905775854247,ORGANIC_CONTROL
Taba Chake,27,206532.62962962964,"indian,indie,singer-songwriter,songwriter",4,0.00576949002849003,0.017085464387464392,0.016033028490028488,0.054053045584045584,0.0929410284900285,ORGANIC_CONTROL
Becky G,11,189581.45454545456,"dance,latin,reggae,reggaeton",4,0.010493090909090907,0.012761818181818176,0.0588064909090909,0.010832837136363637,0.09289423713636362,ORGANIC_CONTROL
BLACKPINK,46,194040.71739130435,"k-pop,pop",2,0.012949297101449273,0.023014549275362315,0.02179819710144927,0.03512265182980677,0.09288469530806763,ORGANIC_CONTROL
Rata Blanca,62,346579.37096774194,"heavy-metal,metal",2,0.014316064516129032,0.035693888154415654,0.03112154976203067,0.011686680278023236,0.09281818271059859,ORGANIC_CONTROL
Soundgarden,29,297934.2413793103,"alt-rock,alternative,grunge,hard-rock,metal",5,0.0072355049261083725,0.005750566502463055,0.07971431280788176,1.0288609810591134e-06,0.09270141309743424,ORGANIC_CONTROL
Momoiro Clover Z,52,259971.21153846153,j-idol,1,0.015965823152337858,0.006087553544494717,0.03410417496229261,0.036512248182432885,0.09266979984155807,ORGANIC_CONTROL
Kay Tse,12,243225.16666666666,cantopop,1,0.012336386363636365,0.012548446969696973,0.008602545454545453,0.059129356060606056,0.09261673484848484,ORGANIC_CONTROL
Roots Manuva,19,229931.84210526315,trip-hop,1,0.01671998245614035,0.00874721052631579,0.050479759122807014,0.016524892722807022,0.09247184482807018,ORGANIC_CONTROL
Cameron's Bedtime Classics,44,140163.4090909091,disney,1,0.03581681342494714,0.009676554725317126,0.04157715137420719,0.005205096723044397,0.09227561624751586,ORGANIC_CONTROL
Patricio Rey y sus Redonditos de Ricota,56,255762.125,"alt-rock,punk,punk-rock",3,0.012644540259740262,0.01703688831168831,0.037602700974025974,0.024864245047243796,0.09214837459269834,ORGANIC_CONTROL
Chico Rey & Paraná,13,206985.61538461538,sertanejo,1,0.006981102564102564,0.011621833333333331,0.019036076923076923,0.054502299389743596,0.09214131221025641,ORGANIC_CONTROL
Lykke Li,11,185721.0909090909,"electro,indie,indie-pop,swedish",4,0.025496072727272733,0.011147763636363637,0.031350418181818177,0.024064490909090908,0.09205874545454545,ORGANIC_CONTROL
Ritviz,83,185112.73493975904,"edm,hip-hop,indian,indie,indie-pop,pop,pop-film",7,0.011801453129591537,0.026612153100205697,0.038697470373200114,0.014939736938384959,0.09205081354138231,ORGANIC_CONTROL
DEVO,11,195215.36363636365,synth-pop,1,0.006148218181818179,0.025548890909090904,0.054398563636363625,0.005859718399999999,0.0919553911272727,ORGANIC_CONTROL
Drexciya,53,247315.3962264151,detroit-techno,1,0.009390936139332366,0.026538595791001453,0.05062474835994194,0.00536660607620407,0.09192088636647983,ORGANIC_CONTROL
Blake Shelton,16,180824.9375,country,1,0.0064145333333333315,0.0080121625,0.06484062916666668,0.012624887333333331,0.09189221233333333,ORGANIC_CONTROL
Paradise Lost,11,228413.81818181818,"death-metal,goth",2,0.010302072727272727,0.0387554909090909,0.04280289018181818,1.9562569186101822e-05,0.09188001638736791,ORGANIC_CONTROL
Papon,30,273131.1,"folk,indian",2,0.013943931034482757,0.01192336091954023,0.03367687471264368,0.03232395862068965,0.09186812528735633,ORGANIC_CONTROL
Mabel,48,195142.54166666666,"edm,house",2,0.012706593971631208,0.014145929078014187,0.030227085106382976,0.03453760065248227,0.09161720880851064,ORGANIC_CONTROL
SHIKI THEATRE COMPANY,20,201524.95,disney,1,0.018019713157894742,0.017272155263157892,0.02567341842105263,0.030647936842105265,0.09161322368421053,ORGANIC_CONTROL
Clara Mae,14,179994.7857142857,"electro,swedish",2,0.023969609890109895,0.009723824175824179,0.014070248626373624,0.04384564835164836,0.09160933104395605,ORGANIC_CONTROL
Bharat Chauhan,12,292142.8333333333,"indian,indie,singer-songwriter,songwriter",4,0.0009424545454545456,0.016172636363636365,0.0037166306060606056,0.07063636363636364,0.09146808515151515,ORGANIC_CONTROL
Ahiyan,10,180934.0,turkish,1,0.011326677777777778,0.004804988888888889,0.026959955555555557,0.04837268666666666,0.09146430888888889,ORGANIC_CONTROL
Paramore,37,234905.5945945946,"emo,punk",2,0.015382303303303304,0.013716277777777782,0.05856220120120121,0.0036909073883635893,0.09135168967064589,ORGANIC_CONTROL
Bassnectar,14,285488.5714285714,breakbeat,1,0.017549609890109893,0.016317104395604395,0.05344715565934066,0.0038757888914490108,0.09118965883650396,ORGANIC_CONTROL
Shania Twain,12,231625.41666666666,country,1,0.006085545454545454,0.020778750000000002,0.02967202272727272,0.034641846287878794,0.09117816446969697,ORGANIC_CONTROL
My Chemical Romance,53,249280.320754717,"emo,punk",2,0.009359431785195936,0.022061215529753264,0.05484376617561684,0.004807069358347779,0.09107148284891382,ORGANIC_CONTROL
TOMORROW X TOGETHER,13,197194.84615384616,k-pop,1,0.009045256410256408,0.019534641025641022,0.02523469230769231,0.03719131805641025,0.0910059078,ORGANIC_CONTROL
Porter Robinson,42,271143.0238095238,"dub,dubstep,progressive-house",3,0.011057087108013938,0.017482978513356562,0.019616720325203254,0.042632794404645756,0.0907895803512195,ORGANIC_CONTROL
"Original (German) Cast of ""Tanz Der Vampire""",20,294160.25,show-tunes,1,0.014007460526315787,0.018609355263157892,0.03875019884210526,0.019408252631578946,0.09077526726315789,ORGANIC_CONTROL
Marvin Gaye,26,205574.6923076923,"funk,indie,soul",3,0.02181306,0.0017276261538461523,0.018548524615384615,0.048646861462153856,0.09073607223138462,ORGANIC_CONTROL
Skank,14,262937.71428571426,"alt-rock,brazil,mpb,r-n-b",4,0.021973302197802195,0.01156487912087912,0.036841500000000006,0.020261748441692304,0.09064142976037362,ORGANIC_CONTROL
Govana,11,197703.36363636365,"dancehall,j-dance",2,0.018781199999999998,0.016638218181818185,0.03758621818181818,0.017508963636363638,0.0905146,ORGANIC_CONTROL
Kiawasch Sahebnassagh,22,486336.6818181818,iranian,1,0.01585377705627706,0.022351260337878792,0.007369731601731601,0.044936755411255414,0.09051152440714287,ORGANIC_CONTROL
Mavado,32,185619.5625,"dancehall,j-dance",2,0.016739161290322577,0.01799923286290322,0.03534783770161291,0.020362183648774193,0.0904484155036129,ORGANIC_CONTROL
Octave One,28,377932.46428571426,"detroit-techno,techno",2,0.006610332010582012,0.021577513227513223,0.04723891358465609,0.01500456886899854,0.09043132769174986,ORGANIC_CONTROL
Epica,25,395706.76,"goth,opera",2,0.014610906666666664,0.024803543333333334,0.012826918233333333,0.037846824825826665,0.09008819305916,ORGANIC_CONTROL
Mon Laferte,17,238179.35294117648,"alternative,latin",2,0.012434558823529408,0.008590875000000001,0.007528882352941175,0.06152857610294117,0.09008289227941176,ORGANIC_CONTROL
Cupid,29,236445.58620689655,"kids,party",2,0.012887004926108375,0.022309041871921186,0.04733974137931034,0.007460745923320196,0.0899965341006601,ORGANIC_CONTROL
The Stranglers,13,222963.84615384616,"punk,punk-rock,synth-pop",3,0.0118499358974359,0.04669089743589744,0.025985230769230764,0.005437269535238974,0.08996333363780308,ORGANIC_CONTROL
Reginaldo Rossi,16,218510.375,"forro,j-pop,sertanejo",3,0.01788242916666667,0.013463629166666668,0.02138412916666667,0.03711234916666666,0.08984253666666667,ORGANIC_CONTROL
Shamanes Crew,14,224359.2142857143,dancehall,1,0.006286681318681316,0.008821324175824175,0.03465325824175823,0.03995385758241758,0.0897151213186813,ORGANIC_CONTROL
Jorge Aragão,59,249657.54237288135,"mpb,pagode,samba",3,0.006859395675043833,0.026657049094097017,0.022360158971361774,0.033829725376972535,0.08970632911747516,ORGANIC_CONTROL
Zezo,23,204744.26086956522,forro,1,0.004977968379446639,0.014973533596837944,0.020436509881422923,0.04931782814229249,0.08970584,ORGANIC_CONTROL
Shakin' Stevens,11,199148.9090909091,"rock-n-roll,rockabilly",2,0.00604529090909091,0.02777649090909091,0.04467749090909091,0.010922520727272728,0.08942179345454546,ORGANIC_CONTROL
Chronic Law,58,181225.08620689655,"dancehall,j-dance",2,0.007489852389594678,0.010793622807017544,0.02284292075015124,0.04819260919842711,0.08931900514519057,ORGANIC_CONTROL
GG Magree,10,157249.6,"dub,dubstep",2,0.012580711111111108,0.03079573333333333,0.03260328888888889,0.013217538698488887,0.0891972720318222,ORGANIC_CONTROL
Jehan Barbur,10,253699.8,"j-pop,j-rock,jazz,turkish",4,0.009778322222222224,0.03443698888888888,0.007349777777777778,0.037616711111111104,0.08918179999999999,ORGANIC_CONTROL
Lil Peep,31,187383.38709677418,emo,1,0.012294780645161289,0.021662290322580643,0.037646802903225814,0.017534524517803338,0.08913839838877108,ORGANIC_CONTROL
Keenan Te,22,192695.0909090909,"singer-songwriter,songwriter",2,0.007611099567099564,0.006774164502164502,0.017379372294372294,0.05730571861471862,0.08907035497835498,ORGANIC_CONTROL
Anderson Freire,11,288096.45454545453,"brazil,gospel",2,0.015061072727272732,0.00537669090909091,0.03705140000000001,0.03150159200000001,0.08899075563636366,ORGANIC_CONTROL
Breakfast For Brunch,13,136761.53846153847,study,1,0.0062126410256410245,0.006550256410256412,0.018057897435897433,0.05810276923076923,0.08892356410256409,ORGANIC_CONTROL
Melissa Horn,13,236384.38461538462,swedish,1,0.013431358974358971,0.01610774358974359,0.020145769230769234,0.03921616666666667,0.08890103846153846,ORGANIC_CONTROL
Karen Mok,19,241442.8947368421,"cantopop,mandopop",2,0.007831005847953215,0.022781918128654974,0.006499695906432749,0.05177105263157894,0.08888367251461987,ORGANIC_CONTROL
Las Pastillas del Abuelo,16,293681.3125,"alt-rock,alternative",2,0.008813716666666664,0.010372762499999997,0.047275929166666675,0.02241020778,0.08887261611333333,ORGANIC_CONTROL
Martha Reeves & The Vandellas,10,162786.6,"disco,funk,r-n-b,rock-n-roll,soul",5,0.005859600000000001,0.008931111111111115,0.02277876666666667,0.051012011111111116,0.0885814888888889,ORGANIC_CONTROL
Greensky Bluegrass,59,302279.6101694915,"bluegrass,j-rock,r-n-b",3,0.008692365867913499,0.013710933372296901,0.029473734073641143,0.03664521917007598,0.08852225248392752,ORGANIC_CONTROL
Andy Hui,11,246791.0909090909,cantopop,1,0.012184418181818183,0.013043872727272726,0.013202490909090907,0.04987567272727272,0.08830645454545454,ORGANIC_CONTROL
Melanie Martinez,18,211670.33333333334,"electro,pop",2,0.003034339869281048,0.0058043790849673215,0.01895936970588235,0.060360561732026134,0.08815865039215685,ORGANIC_CONTROL
Ara Ketu,11,252266.54545454544,"pagode,reggae,samba,sertanejo",4,0.022287799999999997,0.010216418181818178,0.03834609090909092,0.01716285454545454,0.08801316363636363,ORGANIC_CONTROL
Matheus & Kauan,47,179160.8510638298,sertanejo,1,0.011568520814061055,0.010083300647548565,0.025353495837187795,0.04093249259019427,0.08793780988899169,ORGANIC_CONTROL
Skeng,11,162777.63636363635,"dancehall,j-dance",2,0.005956018181818184,0.027547672727272727,0.031177618181818183,0.023153454545454543,0.08783476363636364,ORGANIC_CONTROL
JJ Heller,17,224992.70588235295,acoustic,1,0.010131470588235294,0.007359507352941177,0.009276095588235294,0.061059452352941176,0.08782652588235294,ORGANIC_CONTROL
BOØWY,88,229111.25,"j-pop,j-rock,rockabilly",3,0.024885107628004183,0.0070382861807732474,0.052860578892371994,0.0030179419326855535,0.08780191463383498,ORGANIC_CONTROL
Seu Jorge,11,322254.2727272727,"mpb,samba",2,0.003584290909090906,0.015782272727272728,0.031056818181818185,0.037333050909090906,0.08775643272727272,ORGANIC_CONTROL
Mild High Club,13,183459.3076923077,"garage,indie,psych-rock,rock",4,0.009018525641025638,0.020110756410256413,0.04088376923076923,0.017737757764670375,0.08775080904672165,ORGANIC_CONTROL
Em Beihold,12,172762.66666666666,"singer-songwriter,songwriter",2,0.003781242424242425,0.011402333333333337,0.023973333333333326,0.048543636363636365,0.08770054545454545,ORGANIC_CONTROL
Red Hot Chili Peppers,159,253346.98113207548,"alt-rock,alternative,funk,metal,rock",5,0.008911692381179842,0.023267697953984555,0.04569892842926519,0.009749244186943715,0.0876275629513733,ORGANIC_CONTROL
Banda Magníficos,12,196549.25,forro,1,0.008150265151515153,0.010069363636363635,0.027478606060606058,0.04191555537878788,0.08761379022727273,ORGANIC_CONTROL
Steely Dan,24,279637.9166666667,"country,folk,psych-rock,rock",4,0.007718041666666666,0.016334108695652175,0.01662802717391304,0.04683441847826087,0.08751459601449275,ORGANIC_CONTROL
Format:B,11,315983.2727272727,"deep-house,minimal-techno,techno",3,0.0001309636363636355,0.031071254545454546,0.05620467272727272,2.4347348872727276e-05,0.08743123825796363,ORGANIC_CONTROL
Faron Young,23,137573.13043478262,honky-tonk,1,0.00870487351778656,0.014497624505928852,0.028909086956521734,0.03520820948616601,0.08731979446640316,ORGANIC_CONTROL
Planetshakers,44,288137.9090909091,world-music,1,0.015681045983086683,0.024718585623678648,0.03359932837209302,0.013299658443823527,0.08729861842268188,ORGANIC_CONTROL
Noisia,12,278131.0,"breakbeat,drum-and-bass",2,0.009775454545454544,0.02219311363636364,0.05506772727272728,0.00016064522244696968,0.08719694067699243,ORGANIC_CONTROL
Anson Seabra,42,195346.0,"singer-songwriter,songwriter",2,0.009913161440185829,0.02011933161440186,0.015564320557491292,0.04154519860627177,0.08714201221835075,ORGANIC_CONTROL
Cesária Evora,14,249822.35714285713,world-music,1,0.008906225274725272,0.011107500000000001,0.04909160439560439,0.01798813186813187,0.08709346153846154,ORGANIC_CONTROL
Rodney Carrington,12,262720.9166666667,comedy,1,0.0031088106060606054,0.016716265151515152,0.05476124242424243,0.012478810606060604,0.0870651287878788,ORGANIC_CONTROL
Charlie Puth,41,179648.41463414635,"dance,pop",2,0.006801395121951217,0.005477871951219513,0.029513354878048785,0.04522964219512196,0.08702226414634148,ORGANIC_CONTROL
Tears For Fears,22,290336.04545454547,synth-pop,1,0.014443160173160174,0.01087784632034632,0.03491784632034632,0.026606175434848486,0.0868450282487013,ORGANIC_CONTROL
Unodavid,10,129679.0,"emo,sad",2,0.008827822222222222,0.0061469333333333325,0.05804261511111111,0.013520241777777778,0.08653761244444444,ORGANIC_CONTROL
Los Amigos Invisibles,49,242633.5306122449,afrobeat,1,0.009023581632653061,0.01607315306122449,0.02566107057823129,0.03570905652866667,0.08646686180077551,ORGANIC_CONTROL
The Chemical Brothers,80,335891.375,"alternative,breakbeat,electronic,r-n-b",4,0.021908816297468357,0.01776033528481013,0.044083688,0.002694862600732753,0.08644770218301125,ORGANIC_CONTROL
The Monkees,33,191427.72727272726,"folk,psych-rock,singer-songwriter,songwriter",4,0.008629068181818182,0.009295746212121214,0.036919484848484854,0.031418172348484846,0.08626247159090909,ORGANIC_CONTROL
Motohiro Hata,16,305834.75,"acoustic,j-pop,j-rock,singer-songwriter,songwriter",5,0.011874666666666667,0.030608266666666672,0.010840562500000006,0.03293466666666667,0.08625816250000001,ORGANIC_CONTROL
Ray Price,63,172806.2380952381,honky-tonk,1,0.00865394930875576,0.01531396210957501,0.02870933691756272,0.03355617511520737,0.08623342345110085,ORGANIC_CONTROL
Shamoon Ismail,10,190936.1,"indian,indie,indie-pop",3,0.008920499999999998,0.030134266666666663,0.036401733333333325,0.010756997333333336,0.08621349733333332,ORGANIC_CONTROL
Mr.Children,72,291804.18055555556,"j-pop,j-rock",2,0.01111950684663537,0.022599783255086072,0.03413287010954616,0.018187975767029737,0.08604013597829734,ORGANIC_CONTROL
White Reaper,14,138257.57142857142,"garage,power-pop",2,0.021793516483516483,0.007512747252747249,0.05272237912087913,0.003978069063304615,0.08600671192044748,ORGANIC_CONTROL
Fetty Wap,12,197325.33333333334,"j-dance,j-pop",2,0.005200992424242424,0.009933174242424238,0.037556931818181816,0.033283417406060604,0.08597451589090908,ORGANIC_CONTROL
Lefty Frizzell,26,166612.0,honky-tonk,1,0.007888826153846153,0.01425088153846154,0.035843361538461536,0.02798774153846154,0.08597081076923077,ORGANIC_CONTROL
Duran Duran,23,274368.82608695654,synth-pop,1,0.014182901185770746,0.012662407114624507,0.03964144664031621,0.01947229798577075,0.0859590529264822,ORGANIC_CONTROL
Diego & Victor Hugo,12,175201.5,sertanejo,1,0.014821477272727274,0.01049824242424242,0.011884204545454547,0.048719385151515165,0.08592330939393941,ORGANIC_CONTROL
Tove Lo,78,204315.78205128206,"electro,swedish,synth-pop",3,0.014900135864135864,0.017350513486513487,0.02910389821012321,0.024541990131551776,0.08589653769232433,ORGANIC_CONTROL
Supertramp,10,256055.6,"piano,rock",2,0.004793655555555556,0.005203388888888884,0.021938455555555555,0.05389454444444444,0.08583004444444443,ORGANIC_CONTROL
Pj Panda,23,156649.34782608695,kids,1,0.00625598814229249,0.021600905138339916,0.05278415019762847,0.005167303067948615,0.08580834654620949,ORGANIC_CONTROL
James Blunt,10,222180.4,rock,1,0.002199155555555557,0.018403566666666663,0.0109949,0.05417252232888889,0.08577014455111111,ORGANIC_CONTROL
The Future Sound Of London,11,348201.1818181818,breakbeat,1,0.015829072727272724,0.03815705454545455,0.02710567272727273,0.004583037366602327,0.08567483736660234,ORGANIC_CONTROL
Eurythmics;Annie Lennox;Dave Stewart,17,259339.29411764705,"rock,synth-pop",2,0.007401816176470589,0.02393936764705883,0.03655569117647059,0.017706554551470584,0.08560342955147059,ORGANIC_CONTROL
Kyoko Koizumi,14,243864.64285714287,techno,1,0.008250225274725275,0.020861653846153846,0.033834532967032975,0.02265630439560439,0.08560271648351649,ORGANIC_CONTROL
Dave Edmunds,11,193461.36363636365,"british,power-pop,rockabilly",3,0.013381272727272724,0.021089690909090908,0.006097963636363635,0.04490764290909091,0.08547657018181817,ORGANIC_CONTROL
Elena Kamburova,18,200521.61111111112,romance,1,0.024456339869281044,0.010055190065359475,0.04590406235294118,0.005039882352941176,0.08545547464052287,ORGANIC_CONTROL
Brian Eno,15,302615.8,ambient,1,0.011170862571428571,0.010671516669523812,0.0006108025714285712,0.06287012380952381,0.08532330562190477,ORGANIC_CONTROL
The Notorious B.I.G.,26,254518.07692307694,hardcore,1,0.01473519384615385,0.011984153846153846,0.03294117446153846,0.025543274646153847,0.0852037968,ORGANIC_CONTROL
Babyboomboom,26,109017.26923076923,kids,1,0.008311133846153847,0.0017368246153846155,0.03733770461538461,0.03780706615384616,0.08519272923076923,ORGANIC_CONTROL
Jan Blomqvist,24,238125.5,"deep-house,electronic,minimal-techno",3,0.005285818840579711,0.013339731884057971,0.06351252492753623,0.0029368133565217387,0.08507488900869566,ORGANIC_CONTROL
Alan Tam,16,253561.3125,cantopop,1,0.012017295833333334,0.019300462500000004,0.019588066666666668,0.03415732916666667,0.08506315416666667,ORGANIC_CONTROL
STU48,11,261764.18181818182,j-idol,1,0.004356254545454547,0.00201236363636364,0.03108756363636364,0.047579478727272737,0.08503566054545457,ORGANIC_CONTROL
Inner City,56,281045.53571428574,detroit-techno,1,0.003380900974025973,0.023388912987012987,0.052842337337662325,0.005360556091422077,0.08497270739012336,ORGANIC_CONTROL
Gracie Abrams,17,190177.5294117647,"indie,indie-pop",2,0.010065345588235294,0.006333867647058821,0.011225235294117647,0.05716965441176471,0.08479410294117648,ORGANIC_CONTROL
Lobão,10,214086.3,"brazil,mpb,punk,punk-rock,r-n-b",5,0.019465833333333328,0.012877788888888884,0.0103956,0.041986238777777775,0.08472546099999999,ORGANIC_CONTROL
Annie Lennox,37,225263.51351351352,"rock,singer-songwriter,songwriter",3,0.024727367867867858,0.010030755255255257,0.01232273009009009,0.037606400900900915,0.08468725411411412,ORGANIC_CONTROL
Raimundos,49,207565.77551020408,"brazil,hard-rock,punk,punk-rock,r-n-b",5,0.01994515731292517,0.008381136054421768,0.03618487499999999,0.02014877276559184,0.08465994113293877,ORGANIC_CONTROL
Motive,14,176080.85714285713,turkish,1,0.007834219780219778,0.010250840659340659,0.03721333604395605,0.029112139615384617,0.0844105360989011,ORGANIC_CONTROL
Vald,10,190762.9,french,1,0.010925566666666667,0.007305955555555555,0.028618544444444442,0.03751680100000001,0.08436686766666668,ORGANIC_CONTROL
Bazzi,30,158749.2,"dance,electro",2,0.004196975862068966,0.006119678160919542,0.04730197241379311,0.026715079027126436,0.08433370546390806,ORGANIC_CONTROL
Só Pra Contrariar,16,239828.3125,"pagode,sertanejo",2,0.0056221166666666645,0.00916305,0.023761716666666665,0.045753,0.08429988333333333,ORGANIC_CONTROL
Calvin Harris,11,216370.45454545456,"electro,house,progressive-house",3,0.02502101818181817,0.0010826181818181827,0.0565322,0.0016264716520181816,0.08426230801565453,ORGANIC_CONTROL
Hugh Masekela,14,375677.64285714284,afrobeat,1,0.017918796703296706,0.024913670329670328,0.02089745604395604,0.020486725274725278,0.08421664835164835,ORGANIC_CONTROL
Panteon Rococo,43,230763.55813953487,"alt-rock,alternative,ska",3,0.01776343964562569,0.011679454042081946,0.04384278737541528,0.010665509317054263,0.08395119038017718,ORGANIC_CONTROL
Bad Bunny,48,194617.02083333334,"latin,latino,reggae,reggaeton",4,0.0068531418439716305,0.009296329343971633,0.0554316910460993,0.01234737857712766,0.08392854081117022,ORGANIC_CONTROL
The Moody Blues,16,348291.1875,"blues,british,folk,hard-rock,psych-rock,singer-songwriter,songwriter",7,0.0191117625,0.002949429166666667,0.009216762500000001,0.05253866250000001,0.08381661666666668,ORGANIC_CONTROL
Yuri Morfessi,13,167404.53846153847,romance,1,0.019902269230769227,0.010695025641025641,0.053116410256410264,5.269230769230779e-06,0.08371897435897437,ORGANIC_CONTROL
Jovonn,12,404920.9166666667,chicago-house,1,0.005541537878787877,0.018663719696969693,0.059085356060606053,0.00041002857377356056,0.08370064221013718,ORGANIC_CONTROL
Josimar y Su Yambú,11,315609.0,salsa,1,0.0083112,0.0045452545454545456,0.035305818181818174,0.03553183272727274,0.08369410545454546,ORGANIC_CONTROL
Rashid Beibutov,27,223451.14814814815,romance,1,0.013985515669515667,0.018077280712250714,0.05067967806267806,0.0009298148148148145,0.08367228925925926,ORGANIC_CONTROL
Clayton & Romário,14,228147.5,sertanejo,1,0.008144554945054942,0.018300263736263738,0.031341170329670334,0.025862401098901096,0.08364839010989011,ORGANIC_CONTROL
Mariya Takeuchi,10,298312.9,"j-idol,j-pop,singer-songwriter,songwriter",4,0.004550044444444443,0.013493344444444447,0.04667711111111112,0.018640675666666672,0.08336117566666668,ORGANIC_CONTROL
Rygin King,28,181665.2857142857,"dancehall,j-dance",2,0.007971513227513228,0.010349136243386244,0.03220568253968254,0.032813827724867725,0.08334015973544974,ORGANIC_CONTROL
Jonas Lundqvist,17,205316.35294117648,goth,1,0.00960569117647059,0.017183470588235297,0.022918191176470586,0.033591847205882354,0.08329920014705883,ORGANIC_CONTROL
Los Pericos,19,234990.84210526315,ska,1,0.010946941520467834,0.021347608187134503,0.024736204678362565,0.026213385784701754,0.08324414017066666,ORGANIC_CONTROL
AKB48,46,263512.9347826087,j-idol,1,0.011121553623188405,0.003761076811594202,0.039042431135265704,0.02929636547707643,0.08322142704712474,ORGANIC_CONTROL
Squeeze,35,212086.45714285714,"power-pop,synth-pop",2,0.007661902521008401,0.02077429075630252,0.034104546218487394,0.020643819189915966,0.08318455868571428,ORGANIC_CONTROL
Joachim Pastor,14,373505.9285714286,"french,minimal-techno,techno",3,0.019059362637362638,0.019042093406593408,0.013727232582417584,0.031127809325824183,0.08295649795219781,ORGANIC_CONTROL
Gerson Rufino,53,255315.01886792452,"brazil,gospel,sertanejo",3,0.008677587082728592,0.014601693759071114,0.01931693831640058,0.0402987431640058,0.08289496232220608,ORGANIC_CONTROL
Art Popular,45,225388.33333333334,"pagode,samba",2,0.009052537373737376,0.011975164646464649,0.027999676767676764,0.033842454545454544,0.08286983333333334,ORGANIC_CONTROL
Lynyrd Skynyrd,40,303019.575,"blues,country,hard-rock,rock",4,0.014415609615384616,0.007422025000000001,0.05236030705128204,0.00860638612820513,0.08280432779487179,ORGANIC_CONTROL
Lacrimosa,10,418421.8,goth,1,0.015804622222222217,0.020141655555555558,0.0316464448888889,0.015006793870933332,0.0825995165376,ORGANIC_CONTROL
ThirumaLi,12,193976.0,malay,1,0.006141636363636363,0.010139272727272728,0.04331463636363637,0.022944969675000003,0.08254051512954547,ORGANIC_CONTROL
Sambô,10,204078.7,samba,1,0.009281822222222225,0.019815555555555555,0.025852011111111108,0.02740498888888889,0.08235437777777778,ORGANIC_CONTROL
Louis Armstrong,14,169709.57142857142,jazz,1,0.034733956043956044,0.012880471868131868,0.025366489010989018,0.009222554945054945,0.08220347186813187,ORGANIC_CONTROL
Bad Boy Bill,13,197736.07692307694,chicago-house,1,0.014864423076923075,0.01583614102564103,0.051139432564102555,0.0003463254767210257,0.08218632214338768,ORGANIC_CONTROL
Andrew Foy,13,183244.84615384616,"acoustic,guitar",2,0.0136175641025641,0.00792969230769231,0.026325769230769232,0.034245923076923084,0.08211894871794873,ORGANIC_CONTROL
Webb Pierce,12,145455.25,"honky-tonk,rockabilly",2,0.01243262878787879,0.022197477272727268,0.017074810606060607,0.030271878787878792,0.08197679545454546,ORGANIC_CONTROL
Rick Astley,12,218533.08333333334,"disco,synth-pop",2,0.0021869924242424246,0.01775875,0.027594992424242425,0.03438994787878788,0.08193068272727273,ORGANIC_CONTROL
Barilari,15,263985.0,heavy-metal,1,0.005776495238095238,0.02650912380952381,0.025690812095238096,0.023871191104852096,0.08184762224770924,ORGANIC_CONTROL
Swedish House Mafia,13,212733.07692307694,"edm,electro,house,progressive-house",4,0.01992541025641026,0.0028212435897435897,0.057642963589743586,0.0013775800358974358,0.08176719747179487,ORGANIC_CONTROL
Waterparks,21,161014.33333333334,"punk,punk-rock",2,0.0012884476190476192,0.0015224476190476188,0.0764954619047619,0.0024368014761904765,0.08174315861904762,ORGANIC_CONTROL
The Weeknd,15,229861.26666666666,pop,1,0.006078209523809523,0.013169828571428574,0.05515095238095238,0.0072921709923809514,0.08169116146857143,ORGANIC_CONTROL
Hoobastank,24,220794.375,"alt-rock,alternative,funk,grunge,metal,rock",6,0.003940492753623188,0.018345065217391307,0.04652985449275363,0.012857956579302537,0.08167336904307067,ORGANIC_CONTROL
Audio Bullys,19,239711.26315789475,breakbeat,1,0.011112801169590646,0.016139760233918124,0.03488625356725146,0.01936413187660819,0.08150294684736842,ORGANIC_CONTROL
CKY,16,215500.125,"industrial,metal",2,0.010032495833333332,0.01803453333333333,0.052340116666666665,0.0009845834621555667,0.0813917292954889,ORGANIC_CONTROL
Belchior,18,207896.66666666666,"mpb,samba",2,0.008013359477124185,0.013738970588235293,0.015317882352941178,0.04422212604575163,0.08129233846405229,ORGANIC_CONTROL
Gustavo Santaolalla,12,148888.33333333334,ambient,1,0.01694663636363636,0.020898896363636364,0.026220456060606065,0.01720735606060605,0.08127334484848484,ORGANIC_CONTROL
Capital Inicial,21,214931.14285714287,"brazil,mpb,r-n-b",3,0.009808247619047618,0.02108374761904761,0.03607626190476191,0.014266423162147625,0.08123468030500476,ORGANIC_CONTROL
Weißes Rauschen HD,47,187365.55319148937,sleep,1,0.004842267335800185,0.03807137863872723,7.062879370952823e-07,0.03828485476410731,0.08119920702657182,ORGANIC_CONTROL
Jimi Hendrix,32,216237.65625,"blues,hard-rock,metal,psych-rock",4,0.011386498991935485,0.02372173790322581,0.004289790322580643,0.04168471127056451,0.08108273848830644,ORGANIC_CONTROL
Oleg Pogudin,87,190896.0344827586,romance,1,0.012797616947340286,0.022487677861534352,0.03444789780272655,0.011330562951082597,0.08106375556268379,ORGANIC_CONTROL
Marshmello;Khalid,10,168205.0,"dance,edm,electro,house,progressive-house",5,0.04268444444444445,4.6944444444444534e-05,0.03325444444444445,0.0050625,0.08104833333333335,ORGANIC_CONTROL
Get Dead,10,162820.1,"acoustic,punk",2,0.0044235111111111105,0.010822455555555556,0.05544106666666668,0.010337089170484556,0.0810241225038179,ORGANIC_CONTROL
Anuv Jain,40,225321.3,"indian,indie,singer-songwriter,songwriter",4,0.01500250256410256,0.015563538461538462,0.026240461538461542,0.024157835897435895,0.08096433846153846,ORGANIC_CONTROL
Popcaan,24,192735.625,"dancehall,j-dance,reggae",3,0.007329476449275362,0.014109826086956516,0.027023818840579708,0.03244399519927536,0.08090711657608694,ORGANIC_CONTROL
Barão Vermelho,19,237464.94736842104,"brazil,mpb,r-n-b",3,0.012005473684210528,0.014000035087719302,0.04810947953216375,0.006784052865497076,0.08089904116959065,ORGANIC_CONTROL
Orlando Voorn,11,348008.45454545453,detroit-techno,1,0.00839821818181818,0.015860163636363642,0.05549201818181818,0.0008251479392727273,0.08057554793927273,ORGANIC_CONTROL
Sergei Lemeshev,49,201214.0612244898,romance,1,0.013597927721088435,0.02007064318027211,0.04592508210884353,0.0009039277210884355,0.08049758073129251,ORGANIC_CONTROL
Tinariwen,18,267442.6666666667,"blues,guitar",2,0.009229859477124184,0.008068849673202616,0.04526894117647059,0.017873543300653598,0.08044119362745099,ORGANIC_CONTROL
Glenn Underground,37,450222.13513513515,chicago-house,1,0.0031919009009009026,0.0265775990990991,0.03963125675675676,0.01103822225587988,0.08043897901263664,ORGANIC_CONTROL
Fujii Kaze,23,240546.95652173914,"j-pop,pop",2,0.005835339920948615,0.012084810276679842,0.032829027667984186,0.029638529296442687,0.08038770716205533,ORGANIC_CONTROL
Michelle,21,197887.33333333334,"german,party",2,0.008039347619047623,0.005063961904761905,0.02738269047619048,0.03989080697619048,0.08037680697619048,ORGANIC_CONTROL
Sirkazhi Govindarajan,17,233927.5294117647,"classical,indian",2,0.011889470588235295,0.01930138970588235,0.017859610294117652,0.03123180882352941,0.0802822794117647,ORGANIC_CONTROL
Wolfgang Petry,16,218640.875,party,1,0.01163622916666667,0.0083856,0.057047049999999995,0.003198750500000001,0.08026762966666666,ORGANIC_CONTROL
Jorge Ben Jor,19,267307.84210526315,"mpb,r-n-b,samba",3,0.01089646783625731,0.015246830409356728,0.025922695906432744,0.028174665964912287,0.08024066011695907,ORGANIC_CONTROL
Riff,43,259291.51162790696,"heavy-metal,metal,punk,punk-rock",4,0.0066509213732004425,0.026169977851605755,0.044255401550387596,0.0030816476786018876,0.08015794845379569,ORGANIC_CONTROL
PHARAOH,10,166237.5,emo,1,0.010977111111111111,0.011210722222222223,0.026861788888888887,0.031002088999999997,0.08005171122222221,ORGANIC_CONTROL
Lorenz Büffel,14,209614.2142857143,"disco,party",2,0.018309148351648354,0.0026333461538461536,0.05821391758241757,0.0008827222527472529,0.08003913434065933,ORGANIC_CONTROL
Kevin Bloody Wilson,25,247976.24,comedy,1,0.013153489999999999,0.019468249999999996,0.016642960000000002,0.030767459999999996,0.08003215999999999,ORGANIC_CONTROL
Sanah Moidutty,21,199342.57142857142,"indian,indie,indie-pop",3,0.01274035714285714,0.007392557142857139,0.02572692857142857,0.034161861904761906,0.08002170476190476,ORGANIC_CONTROL
